0,0,0,,,,,,,,,,,,,,,,,,,,,,,,,,
0.01,-0.008524534,0.017497739,,,,,,,,,,,,,,,,,,,,,,,,,,
0.02,-0.016984638,0.034863296,,,,,,,,,,,,,,,,,,,,,,,,,,
0.03,-0.025389354,0.052115301,,,,,,,,,,,,,,,,,,,,,,,,,,
0.04,-0.033747099,0.06927109,,,,,,,,,,,,,,,,,,,,,,,,,,
0.05,-0.042032313,0.086278261,,,,,,,,,,,,,,,,,,,,,,,,,,
0.06,-0.050250481,0.103148132,,,,,,,,,,,,,,,,,,,,,,,,,,
0.07,-0.058420133,0.119918795,,,,,,,,,,,,,,,,,,,,,,,,,,
0.08,-0.066532209,0.136571707,,,,,,,,,,,,,,,,,,,,,,,,,,
0.09,-0.074574919,0.153082715,,,,,,,,,,,,,,,,,,,,,,,,,,
0.1,-0.082562143,0.169480361,,,,,,,,,,,,,,,,,,,,,,,,,,
0.11,-0.090488586,0.185753825,,,,,,,,,,,,,,,,,,,,,,,,,,
0.12,-0.098349735,0.20189388,,,,,,,,,,,,,,,,,,,,,,,,,,
0.13,-0.10614869,0.217906938,,,,,,,,,,,,,,,,,,,,,,,,,,
0.14,-0.113885855,0.233793863,,,,,,,,,,,,,,,,,,,,,,,,,,
0.15,-0.121558976,0.249550065,,,,,,,,,,,,,,,,,,,,,,,,,,
0.16,-0.129168632,0.265176768,,,,,,,,,,,,,,,,,,,,,,,,,,
0.17,-0.136712635,0.28066951,,,,,,,,,,,,,,,,,,,,,,,,,,
0.18,-0.144193895,0.296034302,,,,,,,,,,,,,,,,,,,,,,,,,,
0.19,-0.151610923,0.311268107,,,,,,,,,,,,,,,,,,,,,,,,,,
0.2,-0.158960999,0.326365371,,,,,,,,,,,,,,,,,,,,,,,,,,
0.21,-0.166244742,0.341327383,,,,,,,,,,,,,,,,,,,,,,,,,,
0.22,-0.17346191,0.356153672,,,,,,,,,,,,,,,,,,,,,,,,,,
0.23,-0.180610918,0.370840998,,,,,,,,,,,,,,,,,,,,,,,,,,
0.24,-0.187693858,0.385393677,,,,,,,,,,,,,,,,,,,,,,,,,,
0.25,-0.194710353,0.399810955,,,,,,,,,,,,,,,,,,,,,,,,,,
0.26,-0.201656087,0.414083969,,,,,,,,,,,,,,,,,,,,,,,,,,
0.27,-0.208532976,0.428216668,,,,,,,,,,,,,,,,,,,,,,,,,,
0.28,-0.215340574,0.442208147,,,,,,,,,,,,,,,,,,,,,,,,,,
0.29,-0.222079398,0.456059478,,,,,,,,,,,,,,,,,,,,,,,,,,
0.3,-0.228747206,0.469766055,,,,,,,,,,,,,,,,,,,,,,,,,,
0.31,-0.235344062,0.483328011,,,,,,,,,,,,,,,,,,,,,,,,,,
0.32,-0.241870277,0.49674599,,,,,,,,,,,,,,,,,,,,,,,,,,
0.33,-0.248324224,0.510016643,,,,,,,,,,,,,,,,,,,,,,,,,,
0.34,-0.254706293,0.523140771,,,,,,,,,,,,,,,,,,,,,,,,,,
0.35,-0.261014405,0.536114089,,,,,,,,,,,,,,,,,,,,,,,,,,
0.36,-0.267250855,0.54894132,,,,,,,,,,,,,,,,,,,,,,,,,,
0.37,-0.273412926,0.561616857,,,,,,,,,,,,,,,,,,,,,,,,,,
0.38,-0.279500694,0.574140855,,,,,,,,,,,,,,,,,,,,,,,,,,
0.39,-0.285513442,0.586511812,,,,,,,,,,,,,,,,,,,,,,,,,,
0.4,-0.291451149,0.598729684,,,,,,,,,,,,,,,,,,,,,,,,,,
0.41,-0.297313129,0.610793043,,,,,,,,,,,,,,,,,,,,,,,,,,
0.42,-0.303098611,0.622700274,,,,,,,,,,,,,,,,,,,,,,,,,,
0.43,-0.308807607,0.634451394,,,,,,,,,,,,,,,,,,,,,,,,,,
0.44,-0.314439197,0.646044484,,,,,,,,,,,,,,,,,,,,,,,,,,
0.45,-0.319992977,0.657478696,,,,,,,,,,,,,,,,,,,,,,,,,,
0.46,-0.325467247,0.668750507,,,,,,,,,,,,,,,,,,,,,,,,,,
0.47,-0.330865333,0.679866677,,,,,,,,,,,,,,,,,,,,,,,,,,
0.48,-0.336180981,0.690814409,,,,,,,,,,,,,,,,,,,,,,,,,,
0.49,-0.341419706,0.70160492,,,,,,,,,,,,,,,,,,,,,,,,,,
0.5,-0.346570306,0.712215278,,,,,,,,,,,,,,,,,,,,,,,,,,
0.51,-0.35164452,0.722669436,,,,,,,,,,,,,,,,,,,,,,,,,,
0.52,-0.356645558,0.732973927,,,,,,,,,,,,,,,,,,,,,,,,,,
0.53,-0.361556283,0.743093646,,,,,,,,,,,,,,,,,,,,,,,,,,
0.54,-0.366382458,0.75304034,,,,,,,,,,,,,,,,,,,,,,,,,,
0.55,-0.371131072,0.762828266,,,,,,,,,,,,,,,,,,,,,,,,,,
0.56,-0.375792796,0.772438282,,,,,,,,,,,,,,,,,,,,,,,,,,
0.57,-0.380369582,0.781874325,,,,,,,,,,,,,,,,,,,,,,,,,,
0.58,-0.384860836,0.791135133,,,,,,,,,,,,,,,,,,,,,,,,,,
0.59,-0.389262638,0.800212611,,,,,,,,,,,,,,,,,,,,,,,,,,
0.6,-0.393586406,0.809130129,,,,,,,,,,,,,,,,,,,,,,,,,,
0.61,-0.397819389,0.817861484,,,,,,,,,,,,,,,,,,,,,,,,,,
0.62,-0.401963671,0.826410884,,,,,,,,,,,,,,,,,,,,,,,,,,
0.63,-0.406020406,0.834780656,,,,,,,,,,,,,,,,,,,,,,,,,,
0.64,-0.409987914,0.84296729,,,,,,,,,,,,,,,,,,,,,,,,,,
0.65,-0.413864799,0.850967852,,,,,,,,,,,,,,,,,,,,,,,,,,
0.66,-0.417651712,0.858783634,,,,,,,,,,,,,,,,,,,,,,,,,,
0.67,-0.42134699,0.866411154,,,,,,,,,,,,,,,,,,,,,,,,,,
0.68,-0.424950632,0.873850358,,,,,,,,,,,,,,,,,,,,,,,,,,
0.69,-0.428462099,0.88110008,,,,,,,,,,,,,,,,,,,,,,,,,,
0.7,-0.43187954,0.888156445,,,,,,,,,,,,,,,,,,,,,,,,,,
0.71,-0.435202361,0.895018176,,,,,,,,,,,,,,,,,,,,,,,,,,
0.72,-0.438430018,0.901684097,,,,,,,,,,,,,,,,,,,,,,,,,,
0.73,-0.441561895,0.908152876,,,,,,,,,,,,,,,,,,,,,,,,,,
0.74,-0.44459692,0.914422251,,,,,,,,,,,,,,,,,,,,,,,,,,
0.75,-0.447534197,0.920490315,,,,,,,,,,,,,,,,,,,,,,,,,,
0.76,-0.450372143,0.926353744,,,,,,,,,,,,,,,,,,,,,,,,,,
0.77,-0.453111068,0.932013126,,,,,,,,,,,,,,,,,,,,,,,,,,
0.78,-0.45575005,0.937466503,,,,,,,,,,,,,,,,,,,,,,,,,,
0.79,-0.458286777,0.942709047,,,,,,,,,,,,,,,,,,,,,,,,,,
0.8,-0.460720332,0.947738806,,,,,,,,,,,,,,,,,,,,,,,,,,
0.81,-0.463049835,0.952553914,,,,,,,,,,,,,,,,,,,,,,,,,,
0.82,-0.465274782,0.957153279,,,,,,,,,,,,,,,,,,,,,,,,,,
0.83,-0.467393334,0.961533049,,,,,,,,,,,,,,,,,,,,,,,,,,
0.84,-0.469404483,0.965691092,,,,,,,,,,,,,,,,,,,,,,,,,,
0.85,-0.471307084,0.969624993,,,,,,,,,,,,,,,,,,,,,,,,,,
0.86,-0.473099396,0.973331107,,,,,,,,,,,,,,,,,,,,,,,,,,
0.87,-0.474779982,0.976806422,,,,,,,,,,,,,,,,,,,,,,,,,,
0.88,-0.476347036,0.980047157,,,,,,,,,,,,,,,,,,,,,,,,,,
0.89,-0.477801307,0.983054824,,,,,,,,,,,,,,,,,,,,,,,,,,
0.9,-0.479138314,0.985820115,,,,,,,,,,,,,,,,,,,,,,,,,,
0.91,-0.480356883,0.988340565,,,,,,,,,,,,,,,,,,,,,,,,,,
0.92,-0.481456884,0.990615875,,,,,,,,,,,,,,,,,,,,,,,,,,
0.93,-0.482435972,0.99264116,,,,,,,,,,,,,,,,,,,,,,,,,,
0.94,-0.483290322,0.994408483,,,,,,,,,,,,,,,,,,,,,,,,,,
0.95,-0.484020336,0.995918647,,,,,,,,,,,,,,,,,,,,,,,,,,
0.96,-0.484622303,0.997163956,,,,,,,,,,,,,,,,,,,,,,,,,,
0.97,-0.485095589,0.998143077,,,,,,,,,,,,,,,,,,,,,,,,,,
0.98,-0.485435913,0.998847144,,,,,,,,,,,,,,,,,,,,,,,,,,
0.99,-0.485643604,0.999276821,,,,,,,,,,,,,,,,,,,,,,,,,,
1,-0.485713305,0.999420824,,,,,,,,,,,,,,,,,,,,,,,,,,
1.01,-0.485826418,0.999425035,,,,,,,,,,,,,,,,,,,,,,,,,,
1.02,-0.486153191,0.999438176,,,,,,,,,,,,,,,,,,,,,,,,,,
1.03,-0.486683807,0.999461752,,,,,,,,,,,,,,,,,,,,,,,,,,
1.04,-0.487403694,0.999496572,,,,,,,,,,,,,,,,,,,,,,,,,,
1.05,-0.488300504,0.999543318,,,,,,,,,,,,,,,,,,,,,,,,,,
1.06,-0.489359408,0.999602269,,,,,,,,,,,,,,,,,,,,,,,,,,
1.07,-0.490569629,0.999674012,,,,,,,,,,,,,,,,,,,,,,,,,,
1.08,-0.491914756,0.999758435,,,,,,,,,,,,,,,,,,,,,,,,,,
1.09,-0.493384727,0.99985629,,,,,,,,,,,,,,,,,,,,,,,,,,
1.1,-0.494963623,0.999967498,,,,,,,,,,,,,,,,,,,,,,,,,,
1.11,-0.496640561,1.000093027,,,,,,,,,,,,,,,,,,,,,,,,,,
1.12,-0.498399771,1.000232821,,,,,,,,,,,,,,,,,,,,,,,,,,
1.13,-0.500230121,1.000388186,,,,,,,,,,,,,,,,,,,,,,,,,,
1.14,-0.502118265,1.000560056,,,,,,,,,,,,,,,,,,,,,,,,,,
1.15,-0.504050984,1.000749428,,,,,,,,,,,,,,,,,,,,,,,,,,
1.16,-0.506015974,1.000958053,,,,,,,,,,,,,,,,,,,,,,,,,,
1.17,-0.508000326,1.001187385,,,,,,,,,,,,,,,,,,,,,,,,,,
1.18,-0.509991573,1.001439341,,,,,,,,,,,,,,,,,,,,,,,,,,
1.19,-0.511977304,1.001716001,,,,,,,,,,,,,,,,,,,,,,,,,,
1.2,-0.513945114,1.002019792,,,,,,,,,,,,,,,,,,,,,,,,,,
1.21,-0.515882819,1.002352871,,,,,,,,,,,,,,,,,,,,,,,,,,
1.22,-0.517778278,1.002717774,,,,,,,,,,,,,,,,,,,,,,,,,,
1.23,-0.519619184,1.003117254,,,,,,,,,,,,,,,,,,,,,,,,,,
1.24,-0.52139327,1.003553969,,,,,,,,,,,,,,,,,,,,,,,,,,
1.25,-0.523088299,1.004030478,,,,,,,,,,,,,,,,,,,,,,,,,,
1.26,-0.524691929,1.004549261,,,,,,,,,,,,,,,,,,,,,,,,,,
1.27,-0.526192244,1.005112286,,,,,,,,,,,,,,,,,,,,,,,,,,
1.28,-0.527576261,1.005721874,,,,,,,,,,,,,,,,,,,,,,,,,,
1.29,-0.528831484,1.006379547,,,,,,,,,,,,,,,,,,,,,,,,,,
1.3,-0.529944021,1.007087013,,,,,,,,,,,,,,,,,,,,,,,,,,
1.31,-0.530902107,1.007844135,,,,,,,,,,,,,,,,,,,,,,,,,,
1.32,-0.531691226,1.008651398,,,,,,,,,,,,,,,,,,,,,,,,,,
1.33,-0.532297842,1.0095078,,,,,,,,,,,,,,,,,,,,,,,,,,
1.34,-0.532706432,1.01041213,,,,,,,,,,,,,,,,,,,,,,,,,,
1.35,-0.532903728,1.011360949,,,,,,,,,,,,,,,,,,,,,,,,,,
1.36,-0.532872036,1.012351244,,,,,,,,,,,,,,,,,,,,,,,,,,
1.37,-0.532595655,1.013377571,,,,,,,,,,,,,,,,,,,,,,,,,,
1.38,-0.532058892,1.014432868,,,,,,,,,,,,,,,,,,,,,,,,,,
1.39,-0.531242496,1.015509357,,,,,,,,,,,,,,,,,,,,,,,,,,
1.4,-0.530129695,1.016596548,,,,,,,,,,,,,,,,,,,,,,,,,,
1.41,-0.52869832,1.01768317,,,,,,,,,,,,,,,,,,,,,,,,,,
1.42,-0.526926739,1.018755306,,,,,,,,,,,,,,,,,,,,,,,,,,
1.43,-0.524797108,1.01979571,,,,,,,,,,,,,,,,,,,,,,,,,,
1.44,-0.522286208,1.020785738,,,,,,,,,,,,,,,,,,,,,,,,,,
1.45,-0.519365431,1.021704577,,,,,,,,,,,,,,,,,,,,,,,,,,
1.46,-0.516010627,1.022527398,,,,,,,,,,,,,,,,,,,,,,,,,,
1.47,-0.512198908,1.023226249,,,,,,,,,,,,,,,,,,,,,,,,,,
1.48,-0.507899345,1.023770568,,,,,,,,,,,,,,,,,,,,,,,,,,
1.49,-0.503079416,1.024125789,,,,,,,,,,,,,,,,,,,,,,,,,,
1.5,-0.494911228,1.024220883,,,,,,,,,,,,,,,,,,,,,,,,,,
1.51,-0.495094454,1.024576865,,,,,,,,,,,,,,,,,,,,,,,,,,
1.52,-0.495669421,1.025613272,,,,,,,,,,,,,,,,,,,,,,,,,,
1.53,-0.496607567,1.027302268,,,,,,,,,,,,,,,,,,,,,,,,,,
1.54,-0.497902328,1.029630038,,,,,,,,,,,,,,,,,,,,,,,,,,
1.55,-0.499543852,1.032576603,,,,,,,,,,,,,,,,,,,,,,,,,,
1.56,-0.501514143,1.036107273,,,,,,,,,,,,,,,,,,,,,,,,,,
1.57,-0.503805028,1.040204698,,,,,,,,,,,,,,,,,,,,,,,,,,
1.58,-0.506394982,1.044827759,,,,,,,,,,,,,,,,,,,,,,,,,,
1.59,-0.509266598,1.049942727,,,,,,,,,,,,,,,,,,,,,,,,,,
1.6,-0.512425508,1.055555998,,,,,,,,,,,,,,,,,,,,,,,,,,
1.61,-0.515833907,1.061598152,,,,,,,,,,,,,,,,,,,,,,,,,,
1.62,-0.519510809,1.06809798,,,,,,,,,,,,,,,,,,,,,,,,,,
1.63,-0.523422164,1.074992281,,,,,,,,,,,,,,,,,,,,,,,,,,
1.64,-0.527515244,1.082189537,,,,,,,,,,,,,,,,,,,,,,,,,,
1.65,-0.531869244,1.089816287,,,,,,,,,,,,,,,,,,,,,,,,,,
1.66,-0.536401701,1.097730423,,,,,,,,,,,,,,,,,,,,,,,,,,
1.67,-0.541107637,1.105919901,,,,,,,,,,,,,,,,,,,,,,,,,,
1.68,-0.545977502,1.114365021,,,,,,,,,,,,,,,,,,,,,,,,,,
1.69,-0.550990496,1.123029179,,,,,,,,,,,,,,,,,,,,,,,,,,
1.7,-0.556167824,1.131937196,,,,,,,,,,,,,,,,,,,,,,,,,,
1.71,-0.56148595,1.141046302,,,,,,,,,,,,,,,,,,,,,,,,,,
1.72,-0.566907591,1.150298196,,,,,,,,,,,,,,,,,,,,,,,,,,
1.73,-0.572463807,1.159727567,,,,,,,,,,,,,,,,,,,,,,,,,,
1.74,-0.578109293,1.169264783,,,,,,,,,,,,,,,,,,,,,,,,,,
1.75,-0.583825547,1.178884309,,,,,,,,,,,,,,,,,,,,,,,,,,
1.76,-0.589637039,1.188604154,,,,,,,,,,,,,,,,,,,,,,,,,,
1.77,-0.595518569,1.198386326,,,,,,,,,,,,,,,,,,,,,,,,,,
1.78,-0.601456998,1.208207351,,,,,,,,,,,,,,,,,,,,,,,,,,
1.79,-0.60744621,1.218052037,,,,,,,,,,,,,,,,,,,,,,,,,,
1.8,-0.613471934,1.227898016,,,,,,,,,,,,,,,,,,,,,,,,,,
1.81,-0.619532544,1.237732184,,,,,,,,,,,,,,,,,,,,,,,,,,
1.82,-0.625613475,1.247532989,,,,,,,,,,,,,,,,,,,,,,,,,,
1.83,-0.631707215,1.257285219,,,,,,,,,,,,,,,,,,,,,,,,,,
1.84,-0.637805942,1.266971275,,,,,,,,,,,,,,,,,,,,,,,,,,
1.85,-0.64390107,1.276573424,,,,,,,,,,,,,,,,,,,,,,,,,,
1.86,-0.649983754,1.286077309,,,,,,,,,,,,,,,,,,,,,,,,,,
1.87,-0.65604676,1.295469776,,,,,,,,,,,,,,,,,,,,,,,,,,
1.88,-0.662081912,1.304734095,,,,,,,,,,,,,,,,,,,,,,,,,,
1.89,-0.668081413,1.313855577,,,,,,,,,,,,,,,,,,,,,,,,,,
1.9,-0.674039272,1.322825445,,,,,,,,,,,,,,,,,,,,,,,,,,
1.91,-0.679944761,1.331619015,,,,,,,,,,,,,,,,,,,,,,,,,,
1.92,-0.685795781,1.340239541,,,,,,,,,,,,,,,,,,,,,,,,,,
1.93,-0.691572266,1.348636151,,,,,,,,,,,,,,,,,,,,,,,,,,
1.94,-0.697278383,1.356830035,,,,,,,,,,,,,,,,,,,,,,,,,,
1.95,-0.702913718,1.364825794,,,,,,,,,,,,,,,,,,,,,,,,,,
1.96,-0.708452934,1.372561726,,,,,,,,,,,,,,,,,,,,,,,,,,
1.97,-0.713894835,1.380042545,,,,,,,,,,,,,,,,,,,,,,,,,,
1.98,-0.719233401,1.387259195,,,,,,,,,,,,,,,,,,,,,,,,,,
1.99,-0.724454652,1.394183048,,,,,,,,,,,,,,,,,,,,,,,,,,
2,-0.729559716,1.400823203,,,,,,,,,,,,,,,,,,,,,,,,,,
2.01,-0.734539545,1.407163158,,,,,,,,,,,,,,,,,,,,,,,,,,
2.02,-0.739386727,1.413190792,,,,,,,,,,,,,,,,,,,,,,,,,,
2.03,-0.744066334,1.418831646,,,,,,,,,,,,,,,,,,,,,,,,,,
2.04,-0.74867586,1.424311577,,,,,,,,,,,,,,,,,,,,,,,,,,
2.05,-0.753078449,1.429325953,,,,,,,,,,,,,,,,,,,,,,,,,,
2.06,-0.757315829,1.433974983,,,,,,,,,,,,,,,,,,,,,,,,,,
2.07,-0.761377747,1.438241643,,,,,,,,,,,,,,,,,,,,,,,,,,
2.08,-0.76526167,1.442125079,,,,,,,,,,,,,,,,,,,,,,,,,,
2.09,-0.768952744,1.445599018,,,,,,,,,,,,,,,,,,,,,,,,,,
2.1,-0.772446768,1.448659366,,,,,,,,,,,,,,,,,,,,,,,,,,
2.11,-0.775727024,1.451276671,,,,,,,,,,,,,,,,,,,,,,,,,,
2.12,-0.778796277,1.45346109,,,,,,,,,,,,,,,,,,,,,,,,,,
2.13,-0.781631762,1.455171465,,,,,,,,,,,,,,,,,,,,,,,,,,
2.14,-0.78424413,1.456433785,,,,,,,,,,,,,,,,,,,,,,,,,,
2.15,-0.7866117,1.457209136,,,,,,,,,,,,,,,,,,,,,,,,,,
2.16,-0.788718269,1.457470324,,,,,,,,,,,,,,,,,,,,,,,,,,
2.17,-0.790547578,1.457190375,,,,,,,,,,,,,,,,,,,,,,,,,,
2.18,-0.79213086,1.456434334,,,,,,,,,,,,,,,,,,,,,,,,,,
2.19,-0.793449415,1.455169868,,,,,,,,,,,,,,,,,,,,,,,,,,
2.2,-0.794508109,1.453410544,,,,,,,,,,,,,,,,,,,,,,,,,,
2.21,-0.795345977,1.451233782,,,,,,,,,,,,,,,,,,,,,,,,,,
2.22,-0.795906264,1.448537085,,,,,,,,,,,,,,,,,,,,,,,,,,
2.23,-0.796217699,1.44537864,,,,,,,,,,,,,,,,,,,,,,,,,,
2.24,-0.796301057,1.441801044,,,,,,,,,,,,,,,,,,,,,,,,,,
2.25,-0.796147631,1.437791699,,,,,,,,,,,,,,,,,,,,,,,,,,
2.26,-0.795759456,1.433358509,,,,,,,,,,,,,,,,,,,,,,,,,,
2.27,-0.795165014,1.428556221,,,,,,,,,,,,,,,,,,,,,,,,,,
2.28,-0.794348096,1.423359225,,,,,,,,,,,,,,,,,,,,,,,,,,
2.29,-0.793321035,1.417792947,,,,,,,,,,,,,,,,,,,,,,,,,,
2.3,-0.792105635,1.411898662,,,,,,,,,,,,,,,,,,,,,,,,,,
2.31,-0.790665231,1.405615929,,,,,,,,,,,,,,,,,,,,,,,,,,
2.32,-0.789042744,1.399022455,,,,,,,,,,,,,,,,,,,,,,,,,,
2.33,-0.787243985,1.392130709,,,,,,,,,,,,,,,,,,,,,,,,,,
2.34,-0.785249973,1.384911711,,,,,,,,,,,,,,,,,,,,,,,,,,
2.35,-0.783080196,1.377401577,,,,,,,,,,,,,,,,,,,,,,,,,,
2.36,-0.780734377,1.369602841,,,,,,,,,,,,,,,,,,,,,,,,,,
2.37,-0.778223082,1.3615363,,,,,,,,,,,,,,,,,,,,,,,,,,
2.38,-0.775554204,1.353217762,,,,,,,,,,,,,,,,,,,,,,,,,,
2.39,-0.772724392,1.344645391,,,,,,,,,,,,,,,,,,,,,,,,,,
2.4,-0.769756787,1.33585862,,,,,,,,,,,,,,,,,,,,,,,,,,
2.41,-0.766648285,1.326855796,,,,,,,,,,,,,,,,,,,,,,,,,,
2.42,-0.763408306,1.317654737,,,,,,,,,,,,,,,,,,,,,,,,,,
2.43,-0.760001937,1.308208643,,,,,,,,,,,,,,,,,,,,,,,,,,
2.44,-0.756543337,1.298687132,,,,,,,,,,,,,,,,,,,,,,,,,,
2.45,-0.752912976,1.288922206,,,,,,,,,,,,,,,,,,,,,,,,,,
2.46,-0.749209228,1.279058572,,,,,,,,,,,,,,,,,,,,,,,,,,
2.47,-0.745403713,1.269058053,,,,,,,,,,,,,,,,,,,,,,,,,,
2.48,-0.741489382,1.258920805,,,,,,,,,,,,,,,,,,,,,,,,,,
2.49,-0.737530426,1.248727697,,,,,,,,,,,,,,,,,,,,,,,,,,
2.5,-0.733461849,1.23841022,,,,,,,,,,,,,,,,,,,,,,,,,,
2.51,-0.729326424,1.228025399,,,,,,,,,,,,,,,,,,,,,,,,,,
2.52,-0.725133346,1.217589978,,,,,,,,,,,,,,,,,,,,,,,,,,
2.53,-0.720890565,1.207119605,,,,,,,,,,,,,,,,,,,,,,,,,,
2.54,-0.71660813,1.196632359,,,,,,,,,,,,,,,,,,,,,,,,,,
2.55,-0.712291061,1.186145364,,,,,,,,,,,,,,,,,,,,,,,,,,
2.56,-0.707950771,1.175676935,,,,,,,,,,,,,,,,,,,,,,,,,,
2.57,-0.703596811,1.165245873,,,,,,,,,,,,,,,,,,,,,,,,,,
2.58,-0.699246843,1.154930726,,,,,,,,,,,,,,,,,,,,,,,,,,
2.59,-0.694899291,1.144650605,,,,,,,,,,,,,,,,,,,,,,,,,,
2.6,-0.690551738,1.134370485,,,,,,,,,,,,,,,,,,,,,,,,,,
2.61,-0.686248771,1.12430112,,,,,,,,,,,,,,,,,,,,,,,,,,
2.62,-0.681981466,1.11436366,,,,,,,,,,,,,,,,,,,,,,,,,,
2.63,-0.677771601,1.104609312,,,,,,,,,,,,,,,,,,,,,,,,,,
2.64,-0.673626765,1.095048536,,,,,,,,,,,,,,,,,,,,,,,,,,
2.65,-0.669564884,1.085720832,,,,,,,,,,,,,,,,,,,,,,,,,,
2.66,-0.665569217,1.076573594,,,,,,,,,,,,,,,,,,,,,,,,,,
2.67,-0.661681734,1.067710062,,,,,,,,,,,,,,,,,,,,,,,,,,
2.68,-0.657916935,1.059158951,,,,,,,,,,,,,,,,,,,,,,,,,,
2.69,-0.654284393,1.050936385,,,,,,,,,,,,,,,,,,,,,,,,,,
2.7,-0.650798102,1.043070091,,,,,,,,,,,,,,,,,,,,,,,,,,
2.71,-0.647448885,1.035532801,,,,,,,,,,,,,,,,,,,,,,,,,,
2.72,-0.644285202,1.028434824,,,,,,,,,,,,,,,,,,,,,,,,,,
2.73,-0.641310107,1.021777602,,,,,,,,,,,,,,,,,,,,,,,,,,
2.74,-0.638532166,1.015576635,,,,,,,,,,,,,,,,,,,,,,,,,,
2.75,-0.635975909,1.009883997,,,,,,,,,,,,,,,,,,,,,,,,,,
2.76,-0.633639522,1.004691733,,,,,,,,,,,,,,,,,,,,,,,,,,
2.77,-0.631562978,1.000086692,,,,,,,,,,,,,,,,,,,,,,,,,,
2.78,-0.629734642,0.996039345,,,,,,,,,,,,,,,,,,,,,,,,,,
2.79,-0.628149772,0.992536519,,,,,,,,,,,,,,,,,,,,,,,,,,
2.8,-0.626878965,0.989732874,,,,,,,,,,,,,,,,,,,,,,,,,,
2.81,-0.62590298,0.987582802,,,,,,,,,,,,,,,,,,,,,,,,,,
2.82,-0.625241674,0.986127944,,,,,,,,,,,,,,,,,,,,,,,,,,
2.83,-0.624906512,0.985391478,,,,,,,,,,,,,,,,,,,,,,,,,,
2.84,-0.622830765,0.986764285,,,,,,,,,,,,,,,,,,,,,,,,,,
2.85,-0.618771926,0.98942109,,,,,,,,,,,,,,,,,,,,,,,,,,
2.86,-0.614732916,0.991733874,,,,,,,,,,,,,,,,,,,,,,,,,,
2.87,-0.610718656,0.993738681,,,,,,,,,,,,,,,,,,,,,,,,,,
2.88,-0.606745258,0.995458863,,,,,,,,,,,,,,,,,,,,,,,,,,
2.89,-0.60281607,0.996923979,,,,,,,,,,,,,,,,,,,,,,,,,,
2.9,-0.598935762,0.998159461,,,,,,,,,,,,,,,,,,,,,,,,,,
2.91,-0.595115363,0.999184356,,,,,,,,,,,,,,,,,,,,,,,,,,
2.92,-0.59135428,1.000021424,,,,,,,,,,,,,,,,,,,,,,,,,,
2.93,-0.58766088,1.000687536,,,,,,,,,,,,,,,,,,,,,,,,,,
2.94,-0.584034336,1.001201027,,,,,,,,,,,,,,,,,,,,,,,,,,
2.95,-0.580481853,1.001576044,,,,,,,,,,,,,,,,,,,,,,,,,,
2.96,-0.577002929,1.001826914,,,,,,,,,,,,,,,,,,,,,,,,,,
2.97,-0.573598315,1.001965792,,,,,,,,,,,,,,,,,,,,,,,,,,
2.98,-0.570266778,1.002010662,,,,,,,,,,,,,,,,,,,,,,,,,,
2.99,-0.567014899,1.001965193,,,,,,,,,,,,,,,,,,,,,,,,,,
3,-0.563838431,1.001843361,,,,,,,,,,,,,,,,,,,,,,,,,,
3.01,-0.560734749,1.001654628,,,,,,,,,,,,,,,,,,,,,,,,,,
3.02,-0.55771828,1.001401421,,,,,,,,,,,,,,,,,,,,,,,,,,
3.03,-0.554777733,1.001095776,,,,,,,,,,,,,,,,,,,,,,,,,,
3.04,-0.55191511,1.000742873,,,,,,,,,,,,,,,,,,,,,,,,,,
3.05,-0.549114267,1.000356525,,,,,,,,,,,,,,,,,,,,,,,,,,
3.06,-0.546403333,0.999930789,,,,,,,,,,,,,,,,,,,,,,,,,,
3.07,-0.543753837,0.999480305,,,,,,,,,,,,,,,,,,,,,,,,,,
3.08,-0.541185741,0.999003369,,,,,,,,,,,,,,,,,,,,,,,,,,
3.09,-0.538687487,0.998507144,,,,,,,,,,,,,,,,,,,,,,,,,,
3.1,-0.536269078,0.997993773,,,,,,,,,,,,,,,,,,,,,,,,,,
3.11,-0.533907701,0.997470251,,,,,,,,,,,,,,,,,,,,,,,,,,
3.12,-0.531606579,0.996938725,,,,,,,,,,,,,,,,,,,,,,,,,,
3.13,-0.529378456,0.996399896,,,,,,,,,,,,,,,,,,,,,,,,,,
3.14,-0.527215515,0.995858091,,,,,,,,,,,,,,,,,,,,,,,,,,
3.15,-0.52511731,0.995315922,,,,,,,,,,,,,,,,,,,,,,,,,,
3.16,-0.523081175,0.99477538,,,,,,,,,,,,,,,,,,,,,,,,,,
3.17,-0.52110055,0.994237419,,,,,,,,,,,,,,,,,,,,,,,,,,
3.18,-0.5191789,0.993704822,,,,,,,,,,,,,,,,,,,,,,,,,,
3.19,-0.517314947,0.99317953,,,,,,,,,,,,,,,,,,,,,,,,,,
3.2,-0.515505778,0.992662569,,,,,,,,,,,,,,,,,,,,,,,,,,
3.21,-0.513749727,0.992155199,,,,,,,,,,,,,,,,,,,,,,,,,,
3.22,-0.512047928,0.991659163,,,,,,,,,,,,,,,,,,,,,,,,,,
3.23,-0.510391407,0.991173801,,,,,,,,,,,,,,,,,,,,,,,,,,
3.24,-0.508782692,0.990701023,,,,,,,,,,,,,,,,,,,,,,,,,,
3.25,-0.507220835,0.990241972,,,,,,,,,,,,,,,,,,,,,,,,,,
3.26,-0.505698791,0.989795335,,,,,,,,,,,,,,,,,,,,,,,,,,
3.27,-0.504225414,0.989365379,,,,,,,,,,,,,,,,,,,,,,,,,,
3.28,-0.502792207,0.98895008,,,,,,,,,,,,,,,,,,,,,,,,,,
3.29,-0.501400072,0.988551202,,,,,,,,,,,,,,,,,,,,,,,,,,
3.3,-0.500045904,0.988168349,,,,,,,,,,,,,,,,,,,,,,,,,,
3.31,-0.498729211,0.987802483,,,,,,,,,,,,,,,,,,,,,,,,,,
3.32,-0.497449311,0.987454399,,,,,,,,,,,,,,,,,,,,,,,,,,
3.33,-0.496201961,0.987122885,,,,,,,,,,,,,,,,,,,,,,,,,,
3.34,-0.494990723,0.986810923,,,,,,,,,,,,,,,,,,,,,,,,,,
3.35,-0.493805987,0.986514359,,,,,,,,,,,,,,,,,,,,,,,,,,
3.36,-0.492649848,0.986235067,,,,,,,,,,,,,,,,,,,,,,,,,,
3.37,-0.491519894,0.985972281,,,,,,,,,,,,,,,,,,,,,,,,,,
3.38,-0.490423011,0.985732104,,,,,,,,,,,,,,,,,,,,,,,,,,
3.39,-0.489351805,0.985510691,,,,,,,,,,,,,,,,,,,,,,,,,,
3.4,-0.488300133,0.985304393,,,,,,,,,,,,,,,,,,,,,,,,,,
3.41,-0.48726804,0.985113681,,,,,,,,,,,,,,,,,,,,,,,,,,
3.42,-0.486265759,0.984948937,,,,,,,,,,,,,,,,,,,,,,,,,,
3.43,-0.485280276,0.984800242,,,,,,,,,,,,,,,,,,,,,,,,,,
3.44,-0.484308996,0.984665428,,,,,,,,,,,,,,,,,,,,,,,,,,
3.45,-0.483357921,0.984551963,,,,,,,,,,,,,,,,,,,,,,,,,,
3.46,-0.482423567,0.984457832,,,,,,,,,,,,,,,,,,,,,,,,,,
3.47,-0.481504597,0.984383196,,,,,,,,,,,,,,,,,,,,,,,,,,
3.48,-0.480599005,0.984327144,,,,,,,,,,,,,,,,,,,,,,,,,,
3.49,-0.479705849,0.984290214,,,,,,,,,,,,,,,,,,,,,,,,,,
3.5,-0.478823287,0.984271455,,,,,,,,,,,,,,,,,,,,,,,,,,
3.51,-0.477951818,0.984274493,,,,,,,,,,,,,,,,,,,,,,,,,,
3.52,-0.477086986,0.984292929,,,,,,,,,,,,,,,,,,,,,,,,,,
3.53,-0.476228956,0.98432861,,,,,,,,,,,,,,,,,,,,,,,,,,
3.54,-0.475377618,0.984385082,,,,,,,,,,,,,,,,,,,,,,,,,,
3.55,-0.47453101,0.984461746,,,,,,,,,,,,,,,,,,,,,,,,,,
3.56,-0.473687424,0.984558325,,,,,,,,,,,,,,,,,,,,,,,,,,
3.57,-0.472845733,0.984669371,,,,,,,,,,,,,,,,,,,,,,,,,,
3.58,-0.472004256,0.984803068,,,,,,,,,,,,,,,,,,,,,,,,,,
3.59,-0.471162894,0.984948891,,,,,,,,,,,,,,,,,,,,,,,,,,
3.6,-0.470318151,0.985121677,,,,,,,,,,,,,,,,,,,,,,,,,,
3.61,-0.469472447,0.985302131,,,,,,,,,,,,,,,,,,,,,,,,,,
3.62,-0.468621175,0.985505654,,,,,,,,,,,,,,,,,,,,,,,,,,
3.63,-0.467763253,0.985729702,,,,,,,,,,,,,,,,,,,,,,,,,,
3.64,-0.466897382,0.985972704,,,,,,,,,,,,,,,,,,,,,,,,,,
3.65,-0.466022868,0.986232501,,,,,,,,,,,,,,,,,,,,,,,,,,
3.66,-0.465137401,0.986510995,,,,,,,,,,,,,,,,,,,,,,,,,,
3.67,-0.464239063,0.986808391,,,,,,,,,,,,,,,,,,,,,,,,,,
3.68,-0.463326979,0.98712312,,,,,,,,,,,,,,,,,,,,,,,,,,
3.69,-0.462398381,0.987456088,,,,,,,,,,,,,,,,,,,,,,,,,,
3.7,-0.461457088,0.987801967,,,,,,,,,,,,,,,,,,,,,,,,,,
3.71,-0.460490212,0.9881711,,,,,,,,,,,,,,,,,,,,,,,,,,
3.72,-0.459504437,0.988554705,,,,,,,,,,,,,,,,,,,,,,,,,,
3.73,-0.458498703,0.988952481,,,,,,,,,,,,,,,,,,,,,,,,,,
3.74,-0.457471436,0.989364426,,,,,,,,,,,,,,,,,,,,,,,,,,
3.75,-0.456395082,0.989803964,,,,,,,,,,,,,,,,,,,,,,,,,,
3.76,-0.455318006,0.990243907,,,,,,,,,,,,,,,,,,,,,,,,,,
3.77,-0.454207492,0.990699113,,,,,,,,,,,,,,,,,,,,,,,,,,
3.78,-0.453056992,0.991171138,,,,,,,,,,,,,,,,,,,,,,,,,,
3.79,-0.451868797,0.991657015,,,,,,,,,,,,,,,,,,,,,,,,,,
3.8,-0.450641834,0.992154372,,,,,,,,,,,,,,,,,,,,,,,,,,
3.81,-0.449375061,0.992661991,,,,,,,,,,,,,,,,,,,,,,,,,,
3.82,-0.448066713,0.993178487,,,,,,,,,,,,,,,,,,,,,,,,,,
3.83,-0.446709879,0.993703784,,,,,,,,,,,,,,,,,,,,,,,,,,
3.84,-0.445302006,0.994236485,,,,,,,,,,,,,,,,,,,,,,,,,,
3.85,-0.443843314,0.994773437,,,,,,,,,,,,,,,,,,,,,,,,,,
3.86,-0.442324897,0.995314563,,,,,,,,,,,,,,,,,,,,,,,,,,
3.87,-0.440753268,0.995856346,,,,,,,,,,,,,,,,,,,,,,,,,,
3.88,-0.439103124,0.996397676,,,,,,,,,,,,,,,,,,,,,,,,,,
3.89,-0.437392763,0.996935438,,,,,,,,,,,,,,,,,,,,,,,,,,
3.9,-0.435619258,0.997467811,,,,,,,,,,,,,,,,,,,,,,,,,,
3.91,-0.433777084,0.997992449,,,,,,,,,,,,,,,,,,,,,,,,,,
3.92,-0.431829257,0.998502134,,,,,,,,,,,,,,,,,,,,,,,,,,
3.93,-0.429780661,0.99899084,,,,,,,,,,,,,,,,,,,,,,,,,,
3.94,-0.427676834,0.999467916,,,,,,,,,,,,,,,,,,,,,,,,,,
3.95,-0.425468143,0.999917405,,,,,,,,,,,,,,,,,,,,,,,,,,
3.96,-0.423150202,1.000338154,,,,,,,,,,,,,,,,,,,,,,,,,,
3.97,-0.420780547,1.000742215,,,,,,,,,,,,,,,,,,,,,,,,,,
3.98,-0.418256774,1.001093579,,,,,,,,,,,,,,,,,,,,,,,,,,
3.99,-0.415600969,1.001396322,,,,,,,,,,,,,,,,,,,,,,,,,,
4,-0.41282639,1.001648639,,,,,,,,,,,,,,,,,,,,,,,,,,
4.01,-0.409913077,1.001840302,,,,,,,,,,,,,,,,,,,,,,,,,,
4.02,-0.40685717,1.001962637,,,,,,,,,,,,,,,,,,,,,,,,,,
4.03,-0.403621327,1.001993595,,,,,,,,,,,,,,,,,,,,,,,,,,
4.04,-0.400272673,1.001963463,,,,,,,,,,,,,,,,,,,,,,,,,,
4.05,-0.396730728,1.001821615,,,,,,,,,,,,,,,,,,,,,,,,,,
4.06,-0.392993351,1.001563897,,,,,,,,,,,,,,,,,,,,,,,,,,
4.07,-0.389077699,1.001188733,,,,,,,,,,,,,,,,,,,,,,,,,,
4.08,-0.384933353,1.000658724,,,,,,,,,,,,,,,,,,,,,,,,,,
4.09,-0.380620291,1.000010954,,,,,,,,,,,,,,,,,,,,,,,,,,
4.1,-0.376048848,0.999172906,,,,,,,,,,,,,,,,,,,,,,,,,,
4.11,-0.371228986,0.998142985,,,,,,,,,,,,,,,,,,,,,,,,,,
4.12,-0.366140527,0.996893968,,,,,,,,,,,,,,,,,,,,,,,,,,
4.13,-0.360798404,0.995432814,,,,,,,,,,,,,,,,,,,,,,,,,,
4.14,-0.35516529,0.9937148,,,,,,,,,,,,,,,,,,,,,,,,,,
4.15,-0.349210412,0.991706776,,,,,,,,,,,,,,,,,,,,,,,,,,
4.16,-0.342946952,0.989404836,,,,,,,,,,,,,,,,,,,,,,,,,,
4.17,-0.336314999,0.986745417,,,,,,,,,,,,,,,,,,,,,,,,,,
4.18,-0.329411741,0.983754335,,,,,,,,,,,,,,,,,,,,,,,,,,
4.19,-0.32960491,0.984131379,,,,,,,,,,,,,,,,,,,,,,,,,,
4.2,-0.330260361,0.985274547,,,,,,,,,,,,,,,,,,,,,,,,,,
4.21,-0.331332642,0.987141099,,,,,,,,,,,,,,,,,,,,,,,,,,
4.22,-0.332813073,0.989712514,,,,,,,,,,,,,,,,,,,,,,,,,,
4.23,-0.33469409,0.992971729,,,,,,,,,,,,,,,,,,,,,,,,,,
4.24,-0.336942654,0.996857797,,,,,,,,,,,,,,,,,,,,,,,,,,
4.25,-0.339566629,1.0013795,,,,,,,,,,,,,,,,,,,,,,,,,,
4.26,-0.342533919,1.00647731,,,,,,,,,,,,,,,,,,,,,,,,,,
4.27,-0.345848926,1.012153206,,,,,,,,,,,,,,,,,,,,,,,,,,
4.28,-0.349477301,1.018343917,,,,,,,,,,,,,,,,,,,,,,,,,,
4.29,-0.353415556,1.02503775,,,,,,,,,,,,,,,,,,,,,,,,,,
4.3,-0.357638955,1.032187758,,,,,,,,,,,,,,,,,,,,,,,,,,
4.31,-0.362130847,1.039761064,,,,,,,,,,,,,,,,,,,,,,,,,,
4.32,-0.366895851,1.047757542,,,,,,,,,,,,,,,,,,,,,,,,,,
4.33,-0.371920561,1.056147787,,,,,,,,,,,,,,,,,,,,,,,,,,
4.34,-0.37716315,1.064859992,,,,,,,,,,,,,,,,,,,,,,,,,,
4.35,-0.382621941,1.073885068,,,,,,,,,,,,,,,,,,,,,,,,,,
4.36,-0.388296032,1.083211625,,,,,,,,,,,,,,,,,,,,,,,,,,
4.37,-0.394155934,1.092789164,,,,,,,,,,,,,,,,,,,,,,,,,,
4.38,-0.400194759,1.102599324,,,,,,,,,,,,,,,,,,,,,,,,,,
4.39,-0.40640017,1.112616137,,,,,,,,,,,,,,,,,,,,,,,,,,
4.4,-0.41275759,1.122811857,,,,,,,,,,,,,,,,,,,,,,,,,,
4.41,-0.419261391,1.133168705,,,,,,,,,,,,,,,,,,,,,,,,,,
4.42,-0.425896726,1.143658388,,,,,,,,,,,,,,,,,,,,,,,,,,
4.43,-0.432652696,1.154257859,,,,,,,,,,,,,,,,,,,,,,,,,,
4.44,-0.439519243,1.164945167,,,,,,,,,,,,,,,,,,,,,,,,,,
4.45,-0.446485626,1.175698176,,,,,,,,,,,,,,,,,,,,,,,,,,
4.46,-0.45353653,1.186492501,,,,,,,,,,,,,,,,,,,,,,,,,,
4.47,-0.460677957,1.197318234,,,,,,,,,,,,,,,,,,,,,,,,,,
4.48,-0.467889187,1.208145795,,,,,,,,,,,,,,,,,,,,,,,,,,
4.49,-0.475156197,1.218955814,,,,,,,,,,,,,,,,,,,,,,,,,,
4.5,-0.482480326,1.229733348,,,,,,,,,,,,,,,,,,,,,,,,,,
4.51,-0.489848239,1.240457584,,,,,,,,,,,,,,,,,,,,,,,,,,
4.52,-0.497251035,1.251110633,,,,,,,,,,,,,,,,,,,,,,,,,,
4.53,-0.504679733,1.261677397,,,,,,,,,,,,,,,,,,,,,,,,,,
4.54,-0.51212688,1.272139736,,,,,,,,,,,,,,,,,,,,,,,,,,
4.55,-0.519586304,1.28247599,,,,,,,,,,,,,,,,,,,,,,,,,,
4.56,-0.527046951,1.292681417,,,,,,,,,,,,,,,,,,,,,,,,,,
4.57,-0.534502407,1.302725289,,,,,,,,,,,,,,,,,,,,,,,,,,
4.58,-0.541944682,1.312604279,,,,,,,,,,,,,,,,,,,,,,,,,,
4.59,-0.549366094,1.322300417,,,,,,,,,,,,,,,,,,,,,,,,,,
4.6,-0.55675909,1.331799197,,,,,,,,,,,,,,,,,,,,,,,,,,
4.61,-0.564119285,1.341103198,,,,,,,,,,,,,,,,,,,,,,,,,,
4.62,-0.571436587,1.350180483,,,,,,,,,,,,,,,,,,,,,,,,,,
4.63,-0.578700472,1.359005465,,,,,,,,,,,,,,,,,,,,,,,,,,
4.64,-0.585905024,1.367574453,,,,,,,,,,,,,,,,,,,,,,,,,,
4.65,-0.593043387,1.375877214,,,,,,,,,,,,,,,,,,,,,,,,,,
4.66,-0.600106873,1.383896821,,,,,,,,,,,,,,,,,,,,,,,,,,
4.67,-0.607089895,1.391627584,,,,,,,,,,,,,,,,,,,,,,,,,,
4.68,-0.613979592,1.399040371,,,,,,,,,,,,,,,,,,,,,,,,,,
4.69,-0.620768247,1.406123052,,,,,,,,,,,,,,,,,,,,,,,,,,
4.7,-0.627457676,1.412894674,,,,,,,,,,,,,,,,,,,,,,,,,,
4.71,-0.634035582,1.419327527,,,,,,,,,,,,,,,,,,,,,,,,,,
4.72,-0.64047538,1.425357591,,,,,,,,,,,,,,,,,,,,,,,,,,
4.73,-0.646793083,1.431041769,,,,,,,,,,,,,,,,,,,,,,,,,,
4.74,-0.652969655,1.436338888,,,,,,,,,,,,,,,,,,,,,,,,,,
4.75,-0.658997863,1.441240079,,,,,,,,,,,,,,,,,,,,,,,,,,
4.76,-0.664864827,1.445722209,,,,,,,,,,,,,,,,,,,,,,,,,,
4.77,-0.670565606,1.449783877,,,,,,,,,,,,,,,,,,,,,,,,,,
4.78,-0.67608851,1.453406413,,,,,,,,,,,,,,,,,,,,,,,,,,
4.79,-0.681423622,1.456576258,,,,,,,,,,,,,,,,,,,,,,,,,,
4.8,-0.686549259,1.459253152,,,,,,,,,,,,,,,,,,,,,,,,,,
4.81,-0.691470285,1.461459309,,,,,,,,,,,,,,,,,,,,,,,,,,
4.82,-0.69621243,1.463260468,,,,,,,,,,,,,,,,,,,,,,,,,,
4.83,-0.700683347,1.464460915,,,,,,,,,,,,,,,,,,,,,,,,,,
4.84,-0.704915826,1.465144441,,,,,,,,,,,,,,,,,,,,,,,,,,
4.85,-0.708901799,1.465303117,,,,,,,,,,,,,,,,,,,,,,,,,,
4.86,-0.712613794,1.464888915,,,,,,,,,,,,,,,,,,,,,,,,,,
4.87,-0.716075895,1.46396189,,,,,,,,,,,,,,,,,,,,,,,,,,
4.88,-0.719290715,1.462535491,,,,,,,,,,,,,,,,,,,,,,,,,,
4.89,-0.722237533,1.46057789,,,,,,,,,,,,,,,,,,,,,,,,,,
4.9,-0.724937206,1.458140143,,,,,,,,,,,,,,,,,,,,,,,,,,
4.91,-0.727385877,1.455223262,,,,,,,,,,,,,,,,,,,,,,,,,,
4.92,-0.729592822,1.451853787,,,,,,,,,,,,,,,,,,,,,,,,,,
4.93,-0.731560609,1.448044672,,,,,,,,,,,,,,,,,,,,,,,,,,
4.94,-0.733214819,1.443673303,,,,,,,,,,,,,,,,,,,,,,,,,,
4.95,-0.73468276,1.438971281,,,,,,,,,,,,,,,,,,,,,,,,,,
4.96,-0.735982779,1.433981372,,,,,,,,,,,,,,,,,,,,,,,,,,
4.97,-0.736952215,1.42842471,,,,,,,,,,,,,,,,,,,,,,,,,,
4.98,-0.737866933,1.422777266,,,,,,,,,,,,,,,,,,,,,,,,,,
4.99,-0.738443104,1.416570443,,,,,,,,,,,,,,,,,,,,,,,,,,
5,-0.738803332,1.410016505,,,,,,,,,,,,,,,,,,,,,,,,,,
5.01,-0.738938109,1.403107315,,,,,,,,,,,,,,,,,,,,,,,,,,
5.02,-0.738854011,1.395861089,,,,,,,,,,,,,,,,,,,,,,,,,,
5.03,-0.73857089,1.38831459,,,,,,,,,,,,,,,,,,,,,,,,,,
5.04,-0.738058462,1.38042992,,,,,,,,,,,,,,,,,,,,,,,,,,
5.05,-0.737368911,1.372290666,,,,,,,,,,,,,,,,,,,,,,,,,,
5.06,-0.736495458,1.363891587,,,,,,,,,,,,,,,,,,,,,,,,,,
5.07,-0.735443717,1.355245964,,,,,,,,,,,,,,,,,,,,,,,,,,
5.08,-0.734185462,1.346322456,,,,,,,,,,,,,,,,,,,,,,,,,,
5.09,-0.732720555,1.337130891,,,,,,,,,,,,,,,,,,,,,,,,,,
5.1,-0.731124618,1.327774717,,,,,,,,,,,,,,,,,,,,,,,,,,
5.11,-0.729378277,1.318231639,,,,,,,,,,,,,,,,,,,,,,,,,,
5.12,-0.727413568,1.308430962,,,,,,,,,,,,,,,,,,,,,,,,,,
5.13,-0.725329984,1.298497219,,,,,,,,,,,,,,,,,,,,,,,,,,
5.14,-0.723126585,1.288430576,,,,,,,,,,,,,,,,,,,,,,,,,,
5.15,-0.720716589,1.27815169,,,,,,,,,,,,,,,,,,,,,,,,,,
5.16,-0.718236235,1.267806104,,,,,,,,,,,,,,,,,,,,,,,,,,
5.17,-0.715600777,1.257318176,,,,,,,,,,,,,,,,,,,,,,,,,,
5.18,-0.71284419,1.246732348,,,,,,,,,,,,,,,,,,,,,,,,,,
5.19,-0.709975159,1.236067037,,,,,,,,,,,,,,,,,,,,,,,,,,
5.2,-0.707002127,1.225338275,,,,,,,,,,,,,,,,,,,,,,,,,,
5.21,-0.703944688,1.214569933,,,,,,,,,,,,,,,,,,,,,,,,,,
5.22,-0.700796748,1.203775454,,,,,,,,,,,,,,,,,,,,,,,,,,
5.23,-0.697578745,1.192971179,,,,,,,,,,,,,,,,,,,,,,,,,,
5.24,-0.694291087,1.18218449,,,,,,,,,,,,,,,,,,,,,,,,,,
5.25,-0.690948268,1.17143058,,,,,,,,,,,,,,,,,,,,,,,,,,
5.26,-0.687560065,1.160726248,,,,,,,,,,,,,,,,,,,,,,,,,,
5.27,-0.684137466,1.150107533,,,,,,,,,,,,,,,,,,,,,,,,,,
5.28,-0.680689771,1.139594518,,,,,,,,,,,,,,,,,,,,,,,,,,
5.29,-0.677232178,1.129192323,,,,,,,,,,,,,,,,,,,,,,,,,,
5.3,-0.673773896,1.118933828,,,,,,,,,,,,,,,,,,,,,,,,,,
5.31,-0.67032766,1.108846064,,,,,,,,,,,,,,,,,,,,,,,,,,
5.32,-0.666917117,1.099012798,,,,,,,,,,,,,,,,,,,,,,,,,,
5.33,-0.663537741,1.089369412,,,,,,,,,,,,,,,,,,,,,,,,,,
5.34,-0.660198761,1.079907394,,,,,,,,,,,,,,,,,,,,,,,,,,
5.35,-0.656944977,1.070827887,,,,,,,,,,,,,,,,,,,,,,,,,,
5.36,-0.653711661,1.061826865,,,,,,,,,,,,,,,,,,,,,,,,,,
5.37,-0.650604542,1.053296288,,,,,,,,,,,,,,,,,,,,,,,,,,
5.38,-0.647609971,1.045147351,,,,,,,,,,,,,,,,,,,,,,,,,,
5.39,-0.644742807,1.037410166,,,,,,,,,,,,,,,,,,,,,,,,,,
5.4,-0.642001113,1.030059976,,,,,,,,,,,,,,,,,,,,,,,,,,
5.41,-0.639409443,1.023159653,,,,,,,,,,,,,,,,,,,,,,,,,,
5.42,-0.636977667,1.016725978,,,,,,,,,,,,,,,,,,,,,,,,,,
5.43,-0.634723837,1.010798817,,,,,,,,,,,,,,,,,,,,,,,,,,
5.44,-0.632679707,1.005455648,,,,,,,,,,,,,,,,,,,,,,,,,,
5.45,-0.630857393,1.000716275,,,,,,,,,,,,,,,,,,,,,,,,,,
5.46,-0.629226579,0.996491494,,,,,,,,,,,,,,,,,,,,,,,,,,
5.47,-0.627794083,0.992795619,,,,,,,,,,,,,,,,,,,,,,,,,,
5.48,-0.626713064,0.990021652,,,,,,,,,,,,,,,,,,,,,,,,,,
5.49,-0.625804592,0.987695189,,,,,,,,,,,,,,,,,,,,,,,,,,
5.5,-0.625202097,0.986158209,,,,,,,,,,,,,,,,,,,,,,,,,,
5.51,-0.624901819,0.985394408,,,,,,,,,,,,,,,,,,,,,,,,,,
5.52,-0.622830429,0.986764534,,,,,,,,,,,,,,,,,,,,,,,,,,
5.53,-0.618772798,0.98942037,,,,,,,,,,,,,,,,,,,,,,,,,,
5.54,-0.614731308,0.991735178,,,,,,,,,,,,,,,,,,,,,,,,,,
5.55,-0.610719668,0.993738008,,,,,,,,,,,,,,,,,,,,,,,,,,
5.56,-0.606746338,0.995458009,,,,,,,,,,,,,,,,,,,,,,,,,,
5.57,-0.602818321,0.996921333,,,,,,,,,,,,,,,,,,,,,,,,,,
5.58,-0.598935687,0.998159483,,,,,,,,,,,,,,,,,,,,,,,,,,
5.59,-0.595114439,0.999184655,,,,,,,,,,,,,,,,,,,,,,,,,,
5.6,-0.591354649,1.000021326,,,,,,,,,,,,,,,,,,,,,,,,,,
5.61,-0.587661983,1.000687097,,,,,,,,,,,,,,,,,,,,,,,,,,
5.62,-0.584036001,1.001199731,,,,,,,,,,,,,,,,,,,,,,,,,,
5.63,-0.580487193,1.001569329,,,,,,,,,,,,,,,,,,,,,,,,,,
5.64,-0.577007991,1.001819877,,,,,,,,,,,,,,,,,,,,,,,,,,
5.65,-0.57360208,1.0019611,,,,,,,,,,,,,,,,,,,,,,,,,,
5.66,-0.570270779,1.002004497,,,,,,,,,,,,,,,,,,,,,,,,,,
5.67,-0.567024408,1.001954481,,,,,,,,,,,,,,,,,,,,,,,,,,
5.68,-0.563845376,1.001837912,,,,,,,,,,,,,,,,,,,,,,,,,,
5.69,-0.560735123,1.00165446,,,,,,,,,,,,,,,,,,,,,,,,,,
5.7,-0.557725234,1.001396911,,,,,,,,,,,,,,,,,,,,,,,,,,
5.71,-0.554785093,1.001089991,,,,,,,,,,,,,,,,,,,,,,,,,,
5.72,-0.551917931,1.000740549,,,,,,,,,,,,,,,,,,,,,,,,,,
5.73,-0.549123014,1.000353453,,,,,,,,,,,,,,,,,,,,,,,,,,
5.74,-0.546395566,0.999932796,,,,,,,,,,,,,,,,,,,,,,,,,,
5.75,-0.543761939,0.999477844,,,,,,,,,,,,,,,,,,,,,,,,,,
5.76,-0.541195696,0.999000008,,,,,,,,,,,,,,,,,,,,,,,,,,
5.77,-0.538697453,0.998504419,,,,,,,,,,,,,,,,,,,,,,,,,,
5.78,-0.536267234,0.997993954,,,,,,,,,,,,,,,,,,,,,,,,,,
5.79,-0.533900459,0.997470851,,,,,,,,,,,,,,,,,,,,,,,,,,
5.8,-0.531617747,0.996937209,,,,,,,,,,,,,,,,,,,,,,,,,,
5.81,-0.529377518,0.99639983,,,,,,,,,,,,,,,,,,,,,,,,,,
5.82,-0.527215184,0.995857975,,,,,,,,,,,,,,,,,,,,,,,,,,
5.83,-0.525117792,0.995316024,,,,,,,,,,,,,,,,,,,,,,,,,,
5.84,-0.52307913,0.994774859,,,,,,,,,,,,,,,,,,,,,,,,,,
5.85,-0.521099874,0.994237231,,,,,,,,,,,,,,,,,,,,,,,,,,
5.86,-0.51918049,0.993705296,,,,,,,,,,,,,,,,,,,,,,,,,,
5.87,-0.517317443,0.993180166,,,,,,,,,,,,,,,,,,,,,,,,,,
5.88,-0.515505839,0.992662485,,,,,,,,,,,,,,,,,,,,,,,,,,
5.89,-0.513761245,0.99215737,,,,,,,,,,,,,,,,,,,,,,,,,,
5.9,-0.512043562,0.991657882,,,,,,,,,,,,,,,,,,,,,,,,,,
5.91,-0.510385986,0.991172284,,,,,,,,,,,,,,,,,,,,,,,,,,
5.92,-0.508777671,0.990699571,,,,,,,,,,,,,,,,,,,,,,,,,,
5.93,-0.507216661,0.990240738,,,,,,,,,,,,,,,,,,,,,,,,,,
5.94,-0.505699088,0.989795468,,,,,,,,,,,,,,,,,,,,,,,,,,
5.95,-0.504225845,0.989365578,,,,,,,,,,,,,,,,,,,,,,,,,,
5.96,-0.502794743,0.988951287,,,,,,,,,,,,,,,,,,,,,,,,,,
5.97,-0.501402296,0.988552303,,,,,,,,,,,,,,,,,,,,,,,,,,
5.98,-0.500049736,0.988170249,,,,,,,,,,,,,,,,,,,,,,,,,,
5.99,-0.49873091,0.98780336,,,,,,,,,,,,,,,,,,,,,,,,,,
6,-0.497447242,0.987453212,,,,,,,,,,,,,,,,,,,,,,,,,,
6.01,-0.496201648,0.98712264,,,,,,,,,,,,,,,,,,,,,,,,,,
6.02,-0.494987874,0.98680933,,,,,,,,,,,,,,,,,,,,,,,,,,
6.03,-0.493811043,0.986517448,,,,,,,,,,,,,,,,,,,,,,,,,,
6.04,-0.492650393,0.986235453,,,,,,,,,,,,,,,,,,,,,,,,,,
6.05,-0.491526943,0.985977037,,,,,,,,,,,,,,,,,,,,,,,,,,
6.06,-0.490420547,0.985730322,,,,,,,,,,,,,,,,,,,,,,,,,,
6.07,-0.489346446,0.985506593,,,,,,,,,,,,,,,,,,,,,,,,,,
6.08,-0.48830056,0.985304734,,,,,,,,,,,,,,,,,,,,,,,,,,
6.09,-0.4872715,0.985116765,,,,,,,,,,,,,,,,,,,,,,,,,,
6.1,-0.486261744,0.984945229,,,,,,,,,,,,,,,,,,,,,,,,,,
6.11,-0.485275353,0.98479527,,,,,,,,,,,,,,,,,,,,,,,,,,
6.12,-0.484308272,0.984664638,,,,,,,,,,,,,,,,,,,,,,,,,,
6.13,-0.483358123,0.984552196,,,,,,,,,,,,,,,,,,,,,,,,,,
6.14,-0.482423726,0.984458038,,,,,,,,,,,,,,,,,,,,,,,,,,
6.15,-0.481505447,0.984384385,,,,,,,,,,,,,,,,,,,,,,,,,,
6.16,-0.480599662,0.984328149,,,,,,,,,,,,,,,,,,,,,,,,,,
6.17,-0.479705189,0.98428907,,,,,,,,,,,,,,,,,,,,,,,,,,
6.18,-0.478823465,0.984271796,,,,,,,,,,,,,,,,,,,,,,,,,,
6.19,-0.477950577,0.984271791,,,,,,,,,,,,,,,,,,,,,,,,,,
6.2,-0.477085527,0.984289014,,,,,,,,,,,,,,,,,,,,,,,,,,
6.21,-0.476228828,0.984328098,,,,,,,,,,,,,,,,,,,,,,,,,,
6.22,-0.475377392,0.984384324,,,,,,,,,,,,,,,,,,,,,,,,,,
6.23,-0.4745303,0.984457989,,,,,,,,,,,,,,,,,,,,,,,,,,
6.24,-0.473687023,0.984553155,,,,,,,,,,,,,,,,,,,,,,,,,,
6.25,-0.472845467,0.984665507,,,,,,,,,,,,,,,,,,,,,,,,,,
6.26,-0.472004599,0.984795141,,,,,,,,,,,,,,,,,,,,,,,,,,
6.27,-0.471163148,0.984945053,,,,,,,,,,,,,,,,,,,,,,,,,,
6.28,-0.470319651,0.985113625,,,,,,,,,,,,,,,,,,,,,,,,,,
6.29,-0.469472478,0.985301841,,,,,,,,,,,,,,,,,,,,,,,,,,
6.3,-0.468621117,0.985505862,,,,,,,,,,,,,,,,,,,,,,,,,,
6.31,-0.467761907,0.985732948,,,,,,,,,,,,,,,,,,,,,,,,,,
6.32,-0.466897055,0.98597335,,,,,,,,,,,,,,,,,,,,,,,,,,
6.33,-0.466020706,0.986236196,,,,,,,,,,,,,,,,,,,,,,,,,,
6.34,-0.465134835,0.986514668,,,,,,,,,,,,,,,,,,,,,,,,,,
6.35,-0.464238774,0.986808695,,,,,,,,,,,,,,,,,,,,,,,,,,
6.36,-0.463325886,0.987124455,,,,,,,,,,,,,,,,,,,,,,,,,,
6.37,-0.462386032,0.987467734,,,,,,,,,,,,,,,,,,,,,,,,,,
6.38,-0.461435844,0.987821559,,,,,,,,,,,,,,,,,,,,,,,,,,
6.39,-0.460485656,0.988175384,,,,,,,,,,,,,,,,,,,,,,,,,,
6.4,-0.459509804,0.988550643,,,,,,,,,,,,,,,,,,,,,,,,,,
6.41,-0.458502958,0.98894966,,,,,,,,,,,,,,,,,,,,,,,,,,
6.42,-0.457471024,0.989364907,,,,,,,,,,,,,,,,,,,,,,,,,,
6.43,-0.456412846,0.989795004,,,,,,,,,,,,,,,,,,,,,,,,,,
6.44,-0.45532652,0.990239388,,,,,,,,,,,,,,,,,,,,,,,,,,
6.45,-0.454205803,0.990699912,,,,,,,,,,,,,,,,,,,,,,,,,,
6.46,-0.453054287,0.991172441,,,,,,,,,,,,,,,,,,,,,,,,,,
6.47,-0.451868969,0.991656685,,,,,,,,,,,,,,,,,,,,,,,,,,
6.48,-0.450642837,0.99215384,,,,,,,,,,,,,,,,,,,,,,,,,,
6.49,-0.449374297,0.992662083,,,,,,,,,,,,,,,,,,,,,,,,,,
6.5,-0.448062274,0.993179568,,,,,,,,,,,,,,,,,,,,,,,,,,
6.51,-0.446703974,0.993704998,,,,,,,,,,,,,,,,,,,,,,,,,,
6.52,-0.445265904,0.994239296,,,,,,,,,,,,,,,,,,,,,,,,,,
6.53,-0.443798869,0.994776564,,,,,,,,,,,,,,,,,,,,,,,,,,
6.54,-0.442326908,0.99531396,,,,,,,,,,,,,,,,,,,,,,,,,,
6.55,-0.440699522,0.995855412,,,,,,,,,,,,,,,,,,,,,,,,,,
6.56,-0.439072137,0.996396863,,,,,,,,,,,,,,,,,,,,,,,,,,
6.57,-0.437403277,0.996936086,,,,,,,,,,,,,,,,,,,,,,,,,,
6.58,-0.435625894,0.997468706,,,,,,,,,,,,,,,,,,,,,,,,,,
6.59,-0.433777009,0.997992565,,,,,,,,,,,,,,,,,,,,,,,,,,
6.6,-0.431838138,0.998503829,,,,,,,,,,,,,,,,,,,,,,,,,,
6.61,-0.429818641,0.998999731,,,,,,,,,,,,,,,,,,,,,,,,,,
6.62,-0.427708658,0.999476039,,,,,,,,,,,,,,,,,,,,,,,,,,
6.63,-0.425502757,0.999928406,,,,,,,,,,,,,,,,,,,,,,,,,,
6.64,-0.423195655,1.000352249,,,,,,,,,,,,,,,,,,,,,,,,,,
6.65,-0.42077762,1.000741237,,,,,,,,,,,,,,,,,,,,,,,,,,
6.66,-0.418246086,1.001090373,,,,,,,,,,,,,,,,,,,,,,,,,,
6.67,-0.415594377,1.001393429,,,,,,,,,,,,,,,,,,,,,,,,,,
6.68,-0.41281736,1.001644561,,,,,,,,,,,,,,,,,,,,,,,,,,
6.69,-0.409902536,1.001835324,,,,,,,,,,,,,,,,,,,,,,,,,,
6.7,-0.406847045,1.001958861,,,,,,,,,,,,,,,,,,,,,,,,,,
6.71,-0.403645685,1.002006548,,,,,,,,,,,,,,,,,,,,,,,,,,
6.72,-0.40026996,1.001961602,,,,,,,,,,,,,,,,,,,,,,,,,,
6.73,-0.396728634,1.001821219,,,,,,,,,,,,,,,,,,,,,,,,,,
6.74,-0.393002356,1.001568349,,,,,,,,,,,,,,,,,,,,,,,,,,
6.75,-0.389080819,1.001191186,,,,,,,,,,,,,,,,,,,,,,,,,,
6.76,-0.384955246,1.000674735,,,,,,,,,,,,,,,,,,,,,,,,,,
6.77,-0.380614583,1.000007002,,,,,,,,,,,,,,,,,,,,,,,,,,
6.78,-0.376026052,0.999156093,,,,,,,,,,,,,,,,,,,,,,,,,,
6.79,-0.371236854,0.998147469,,,,,,,,,,,,,,,,,,,,,,,,,,
6.8,-0.366161746,0.996911266,,,,,,,,,,,,,,,,,,,,,,,,,,
6.81,-0.360813688,0.995444692,,,,,,,,,,,,,,,,,,,,,,,,,,
6.82,-0.355176582,0.993723987,,,,,,,,,,,,,,,,,,,,,,,,,,
6.83,-0.349226506,0.991719993,,,,,,,,,,,,,,,,,,,,,,,,,,
6.84,-0.34294715,0.989404916,,,,,,,,,,,,,,,,,,,,,,,,,,
6.85,-0.336313391,0.986744591,,,,,,,,,,,,,,,,,,,,,,,,,,
6.86,-0.32941731,0.983756951,,,,,,,,,,,,,,,,,,,,,,,,,,
6.87,-0.329604998,0.984131533,,,,,,,,,,,,,,,,,,,,,,,,,,
6.88,-0.330258911,0.985272028,,,,,,,,,,,,,,,,,,,,,,,,,,
6.89,-0.331331418,0.987138982,,,,,,,,,,,,,,,,,,,,,,,,,,
6.9,-0.332816896,0.989719095,,,,,,,,,,,,,,,,,,,,,,,,,,
6.91,-0.334692096,0.992968316,,,,,,,,,,,,,,,,,,,,,,,,,,
6.92,-0.336942645,0.996857782,,,,,,,,,,,,,,,,,,,,,,,,,,
6.93,-0.339566738,1.00137969,,,,,,,,,,,,,,,,,,,,,,,,,,
6.94,-0.342534999,1.006479129,,,,,,,,,,,,,,,,,,,,,,,,,,
6.95,-0.345841096,1.012140157,,,,,,,,,,,,,,,,,,,,,,,,,,
6.96,-0.349470419,1.018332585,,,,,,,,,,,,,,,,,,,,,,,,,,
6.97,-0.353404637,1.025019992,,,,,,,,,,,,,,,,,,,,,,,,,,
6.98,-0.357631091,1.03217528,,,,,,,,,,,,,,,,,,,,,,,,,,
6.99,-0.362129818,1.039759491,,,,,,,,,,,,,,,,,,,,,,,,,,
7,-0.366898671,1.047762163,,,,,,,,,,,,,,,,,,,,,,,,,,
7.01,-0.371899399,1.05611586,,,,,,,,,,,,,,,,,,,,,,,,,,
7.02,-0.377151175,1.064842863,,,,,,,,,,,,,,,,,,,,,,,,,,
7.03,-0.382614565,1.073874752,,,,,,,,,,,,,,,,,,,,,,,,,,
7.04,-0.388290728,1.083204028,,,,,,,,,,,,,,,,,,,,,,,,,,
7.05,-0.394149016,1.092779389,,,,,,,,,,,,,,,,,,,,,,,,,,
7.06,-0.400187867,1.102590508,,,,,,,,,,,,,,,,,,,,,,,,,,
7.07,-0.406389811,1.112604109,,,,,,,,,,,,,,,,,,,,,,,,,,
7.08,-0.412765509,1.12282067,,,,,,,,,,,,,,,,,,,,,,,,,,
7.09,-0.419271769,1.133178606,,,,,,,,,,,,,,,,,,,,,,,,,,
7.1,-0.425904296,1.143664253,,,,,,,,,,,,,,,,,,,,,,,,,,
7.11,-0.43265352,1.154257703,,,,,,,,,,,,,,,,,,,,,,,,,,
7.12,-0.439512823,1.164939633,,,,,,,,,,,,,,,,,,,,,,,,,,
7.13,-0.446536242,1.175720881,,,,,,,,,,,,,,,,,,,,,,,,,,
7.14,-0.453567202,1.186506693,,,,,,,,,,,,,,,,,,,,,,,,,,
7.15,-0.460676503,1.197316947,,,,,,,,,,,,,,,,,,,,,,,,,,
7.16,-0.467885443,1.208144237,,,,,,,,,,,,,,,,,,,,,,,,,,
7.17,-0.475158342,1.218956841,,,,,,,,,,,,,,,,,,,,,,,,,,
7.18,-0.482482545,1.229733248,,,,,,,,,,,,,,,,,,,,,,,,,,
7.19,-0.489847971,1.240457352,,,,,,,,,,,,,,,,,,,,,,,,,,
7.2,-0.497249525,1.25111171,,,,,,,,,,,,,,,,,,,,,,,,,,
7.21,-0.50468001,1.261676589,,,,,,,,,,,,,,,,,,,,,,,,,,
7.22,-0.512128256,1.272133659,,,,,,,,,,,,,,,,,,,,,,,,,,
7.23,-0.519585724,1.28247879,,,,,,,,,,,,,,,,,,,,,,,,,,
7.24,-0.527046978,1.292675292,,,,,,,,,,,,,,,,,,,,,,,,,,
7.25,-0.534501971,1.302717619,,,,,,,,,,,,,,,,,,,,,,,,,,
7.26,-0.541944263,1.312600101,,,,,,,,,,,,,,,,,,,,,,,,,,
7.27,-0.549368596,1.322319716,,,,,,,,,,,,,,,,,,,,,,,,,,
7.28,-0.556763059,1.331823957,,,,,,,,,,,,,,,,,,,,,,,,,,
7.29,-0.564121278,1.341113718,,,,,,,,,,,,,,,,,,,,,,,,,,
7.3,-0.571436019,1.350177861,,,,,,,,,,,,,,,,,,,,,,,,,,
7.31,-0.578700318,1.359004821,,,,,,,,,,,,,,,,,,,,,,,,,,
7.32,-0.585903371,1.367568091,,,,,,,,,,,,,,,,,,,,,,,,,,
7.33,-0.593041799,1.375871474,,,,,,,,,,,,,,,,,,,,,,,,,,
7.34,-0.600103901,1.383886435,,,,,,,,,,,,,,,,,,,,,,,,,,
7.35,-0.607084607,1.391609979,,,,,,,,,,,,,,,,,,,,,,,,,,
7.36,-0.613974614,1.399023845,,,,,,,,,,,,,,,,,,,,,,,,,,
7.37,-0.620770108,1.406128981,,,,,,,,,,,,,,,,,,,,,,,,,,
7.38,-0.627461251,1.412905249,,,,,,,,,,,,,,,,,,,,,,,,,,
7.39,-0.633999138,1.419220473,,,,,,,,,,,,,,,,,,,,,,,,,,
7.4,-0.64045379,1.425297122,,,,,,,,,,,,,,,,,,,,,,,,,,
7.41,-0.646779809,1.431005063,,,,,,,,,,,,,,,,,,,,,,,,,,
7.42,-0.652931869,1.43623843,,,,,,,,,,,,,,,,,,,,,,,,,,
7.43,-0.658999332,1.441244072,,,,,,,,,,,,,,,,,,,,,,,,,,
7.44,-0.664830245,1.445633838,,,,,,,,,,,,,,,,,,,,,,,,,,
7.45,-0.670567824,1.449789327,,,,,,,,,,,,,,,,,,,,,,,,,,
7.46,-0.676099827,1.453433501,,,,,,,,,,,,,,,,,,,,,,,,,,
7.47,-0.681440412,1.456615494,,,,,,,,,,,,,,,,,,,,,,,,,,
7.48,-0.686572498,1.459306729,,,,,,,,,,,,,,,,,,,,,,,,,,
7.49,-0.691503761,1.461534716,,,,,,,,,,,,,,,,,,,,,,,,,,
7.5,-0.696207748,1.463250264,,,,,,,,,,,,,,,,,,,,,,,,,,
7.51,-0.700682582,1.464459244,,,,,,,,,,,,,,,,,,,,,,,,,,
7.52,-0.704920274,1.465153881,,,,,,,,,,,,,,,,,,,,,,,,,,
7.53,-0.708896814,1.465292703,,,,,,,,,,,,,,,,,,,,,,,,,,
7.54,-0.712614786,1.46489111,,,,,,,,,,,,,,,,,,,,,,,,,,
7.55,-0.716070186,1.463950341,,,,,,,,,,,,,,,,,,,,,,,,,,
7.56,-0.719283819,1.462521713,,,,,,,,,,,,,,,,,,,,,,,,,,
7.57,-0.722233613,1.460570686,,,,,,,,,,,,,,,,,,,,,,,,,,
7.58,-0.72489043,1.458050484,,,,,,,,,,,,,,,,,,,,,,,,,,
7.59,-0.727343637,1.455144819,,,,,,,,,,,,,,,,,,,,,,,,,,
7.6,-0.72960923,1.451883976,,,,,,,,,,,,,,,,,,,,,,,,,,
7.61,-0.731512575,1.4479576,,,,,,,,,,,,,,,,,,,,,,,,,,
7.62,-0.733305458,1.44383216,,,,,,,,,,,,,,,,,,,,,,,,,,
7.63,-0.734801605,1.439178955,,,,,,,,,,,,,,,,,,,,,,,,,,
7.64,-0.73605684,1.434106824,,,,,,,,,,,,,,,,,,,,,,,,,,
7.65,-0.73707675,1.428633622,,,,,,,,,,,,,,,,,,,,,,,,,,
7.66,-0.73787317,1.422787416,,,,,,,,,,,,,,,,,,,,,,,,,,
7.67,-0.738445214,1.416573673,,,,,,,,,,,,,,,,,,,,,,,,,,
7.68,-0.738798853,1.41000934,,,,,,,,,,,,,,,,,,,,,,,,,,
7.69,-0.738923538,1.403084886,,,,,,,,,,,,,,,,,,,,,,,,,,
7.7,-0.738853457,1.395860137,,,,,,,,,,,,,,,,,,,,,,,,,,
7.71,-0.738577105,1.388323912,,,,,,,,,,,,,,,,,,,,,,,,,,
7.72,-0.738073837,1.38045227,,,,,,,,,,,,,,,,,,,,,,,,,,
7.73,-0.737386087,1.372314876,,,,,,,,,,,,,,,,,,,,,,,,,,
7.74,-0.736505535,1.363905395,,,,,,,,,,,,,,,,,,,,,,,,,,
7.75,-0.735435852,1.355235357,,,,,,,,,,,,,,,,,,,,,,,,,,
7.76,-0.734181751,1.346317751,,,,,,,,,,,,,,,,,,,,,,,,,,
7.77,-0.732749388,1.337167501,,,,,,,,,,,,,,,,,,,,,,,,,,
7.78,-0.731160808,1.327818693,,,,,,,,,,,,,,,,,,,,,,,,,,
7.79,-0.729384698,1.318239402,,,,,,,,,,,,,,,,,,,,,,,,,,
7.8,-0.727444562,1.308466626,,,,,,,,,,,,,,,,,,,,,,,,,,
7.81,-0.725363009,1.298532806,,,,,,,,,,,,,,,,,,,,,,,,,,
7.82,-0.723122786,1.288427276,,,,,,,,,,,,,,,,,,,,,,,,,,
7.83,-0.720742487,1.278177702,,,,,,,,,,,,,,,,,,,,,,,,,,
7.84,-0.718232031,1.267802641,,,,,,,,,,,,,,,,,,,,,,,,,,
7.85,-0.715596457,1.257315385,,,,,,,,,,,,,,,,,,,,,,,,,,
7.86,-0.712838959,1.246729501,,,,,,,,,,,,,,,,,,,,,,,,,,
7.87,-0.709969746,1.236063464,,,,,,,,,,,,,,,,,,,,,,,,,,
7.88,-0.706991474,1.225333275,,,,,,,,,,,,,,,,,,,,,,,,,,
7.89,-0.703933412,1.214567571,,,,,,,,,,,,,,,,,,,,,,,,,,
7.9,-0.700799038,1.203775812,,,,,,,,,,,,,,,,,,,,,,,,,,
7.91,-0.697577091,1.192973259,,,,,,,,,,,,,,,,,,,,,,,,,,
7.92,-0.694287672,1.182187043,,,,,,,,,,,,,,,,,,,,,,,,,,
7.93,-0.690946226,1.171433147,,,,,,,,,,,,,,,,,,,,,,,,,,
7.94,-0.687557586,1.160737017,,,,,,,,,,,,,,,,,,,,,,,,,,
7.95,-0.684135702,1.150115383,,,,,,,,,,,,,,,,,,,,,,,,,,
7.96,-0.680690315,1.139592266,,,,,,,,,,,,,,,,,,,,,,,,,,
7.97,-0.677232776,1.129190562,,,,,,,,,,,,,,,,,,,,,,,,,,
7.98,-0.673778327,1.118980549,,,,,,,,,,,,,,,,,,,,,,,,,,
7.99,-0.670326094,1.108833026,,,,,,,,,,,,,,,,,,,,,,,,,,
8,-0.666916125,1.099014184,,,,,,,,,,,,,,,,,,,,,,,,,,
8.01,-0.663521181,1.089280466,,,,,,,,,,,,,,,,,,,,,,,,,,
8.02,-0.660200771,1.079922822,,,,,,,,,,,,,,,,,,,,,,,,,,
8.03,-0.656907261,1.070678144,,,,,,,,,,,,,,,,,,,,,,,,,,
8.04,-0.653712013,1.061827636,,,,,,,,,,,,,,,,,,,,,,,,,,
8.05,-0.650613011,1.05332409,,,,,,,,,,,,,,,,,,,,,,,,,,
8.06,-0.647607632,1.045140122,,,,,,,,,,,,,,,,,,,,,,,,,,
8.07,-0.644723249,1.037349487,,,,,,,,,,,,,,,,,,,,,,,,,,
8.08,-0.641989601,1.030025434,,,,,,,,,,,,,,,,,,,,,,,,,,
8.09,-0.639404102,1.023144489,,,,,,,,,,,,,,,,,,,,,,,,,,
8.1,-0.636980619,1.016734901,,,,,,,,,,,,,,,,,,,,,,,,,,
8.11,-0.634739972,1.010844227,,,,,,,,,,,,,,,,,,,,,,,,,,
8.12,-0.632685156,1.005470055,,,,,,,,,,,,,,,,,,,,,,,,,,
8.13,-0.630830823,1.000644484,,,,,,,,,,,,,,,,,,,,,,,,,,
8.14,-0.629181679,0.996372664,,,,,,,,,,,,,,,,,,,,,,,,,,
8.15,-0.627799607,0.992810055,,,,,,,,,,,,,,,,,,,,,,,,,,
8.16,-0.626669431,0.989908077,,,,,,,,,,,,,,,,,,,,,,,,,,
8.17,-0.625798875,0.987680472,,,,,,,,,,,,,,,,,,,,,,,,,,
8.18,-0.625202114,0.986158252,,,,,,,,,,,,,,,,,,,,,,,,,,
8.19,-0.624904566,0.985401392,,,,,,,,,,,,,,,,,,,,,,,,,,
8.2,-0.622830851,0.986764215,,,,,,,,,,,,,,,,,,,,,,,,,,
8.21,-0.618772441,0.989420773,,,,,,,,,,,,,,,,,,,,,,,,,,
8.22,-0.614730693,0.991735729,,,,,,,,,,,,,,,,,,,,,,,,,,
8.23,-0.61072103,0.993736725,,,,,,,,,,,,,,,,,,,,,,,,,,
8.24,-0.606747985,0.995455609,,,,,,,,,,,,,,,,,,,,,,,,,,
8.25,-0.602815852,0.996923163,,,,,,,,,,,,,,,,,,,,,,,,,,
8.26,-0.5989359,0.998159416,,,,,,,,,,,,,,,,,,,,,,,,,,
8.27,-0.595114259,0.999184759,,,,,,,,,,,,,,,,,,,,,,,,,,
8.28,-0.591354743,1.000021301,,,,,,,,,,,,,,,,,,,,,,,,,,
8.29,-0.587660989,1.000687501,,,,,,,,,,,,,,,,,,,,,,,,,,
8.3,-0.584034827,1.001200926,,,,,,,,,,,,,,,,,,,,,,,,,,
8.31,-0.580481052,1.001576383,,,,,,,,,,,,,,,,,,,,,,,,,,
8.32,-0.576999667,1.001828598,,,,,,,,,,,,,,,,,,,,,,,,,,
8.33,-0.573594649,1.001969972,,,,,,,,,,,,,,,,,,,,,,,,,,
8.34,-0.57026508,1.002012697,,,,,,,,,,,,,,,,,,,,,,,,,,
8.35,-0.567013349,1.001967507,,,,,,,,,,,,,,,,,,,,,,,,,,
8.36,-0.563834578,1.001845539,,,,,,,,,,,,,,,,,,,,,,,,,,
8.37,-0.560734694,1.001654712,,,,,,,,,,,,,,,,,,,,,,,,,,
8.38,-0.557714408,1.001402768,,,,,,,,,,,,,,,,,,,,,,,,,,
8.39,-0.554791296,1.001085767,,,,,,,,,,,,,,,,,,,,,,,,,,
8.4,-0.551902787,1.000747585,,,,,,,,,,,,,,,,,,,,,,,,,,
8.41,-0.549112907,1.000357191,,,,,,,,,,,,,,,,,,,,,,,,,,
8.42,-0.546400634,0.999931981,,,,,,,,,,,,,,,,,,,,,,,,,,
8.43,-0.54375231,0.999480078,,,,,,,,,,,,,,,,,,,,,,,,,,
8.44,-0.541188087,0.999002662,,,,,,,,,,,,,,,,,,,,,,,,,,
8.45,-0.538690173,0.998506041,,,,,,,,,,,,,,,,,,,,,,,,,,
8.46,-0.536261253,0.997994846,,,,,,,,,,,,,,,,,,,,,,,,,,
8.47,-0.53389651,0.997471029,,,,,,,,,,,,,,,,,,,,,,,,,,
8.48,-0.531605811,0.996938782,,,,,,,,,,,,,,,,,,,,,,,,,,
8.49,-0.529377493,0.996399823,,,,,,,,,,,,,,,,,,,,,,,,,,
8.5,-0.52721603,0.995858214,,,,,,,,,,,,,,,,,,,,,,,,,,
8.51,-0.52511686,0.995315785,,,,,,,,,,,,,,,,,,,,,,,,,,
8.52,-0.523079655,0.994774997,,,,,,,,,,,,,,,,,,,,,,,,,,
8.53,-0.521099778,0.994237197,,,,,,,,,,,,,,,,,,,,,,,,,,
8.54,-0.51917871,0.993704743,,,,,,,,,,,,,,,,,,,,,,,,,,
8.55,-0.517315456,0.993179692,,,,,,,,,,,,,,,,,,,,,,,,,,
8.56,-0.515506607,0.992662802,,,,,,,,,,,,,,,,,,,,,,,,,,
8.57,-0.513749565,0.99215504,,,,,,,,,,,,,,,,,,,,,,,,,,
8.58,-0.512044778,0.991658367,,,,,,,,,,,,,,,,,,,,,,,,,,
8.59,-0.510388819,0.991173219,,,,,,,,,,,,,,,,,,,,,,,,,,
8.6,-0.508777484,0.99069948,,,,,,,,,,,,,,,,,,,,,,,,,,
8.61,-0.507215743,0.990240311,,,,,,,,,,,,,,,,,,,,,,,,,,
8.62,-0.505699022,0.989795443,,,,,,,,,,,,,,,,,,,,,,,,,,
8.63,-0.50422592,0.989365623,,,,,,,,,,,,,,,,,,,,,,,,,,
8.64,-0.502794029,0.988950972,,,,,,,,,,,,,,,,,,,,,,,,,,
8.65,-0.501401958,0.98855216,,,,,,,,,,,,,,,,,,,,,,,,,,
8.66,-0.500051354,0.988171001,,,,,,,,,,,,,,,,,,,,,,,,,,
8.67,-0.498733098,0.987804489,,,,,,,,,,,,,,,,,,,,,,,,,,
8.68,-0.497449766,0.987454615,,,,,,,,,,,,,,,,,,,,,,,,,,
8.69,-0.496199967,0.987121683,,,,,,,,,,,,,,,,,,,,,,,,,,
8.7,-0.494986259,0.986808364,,,,,,,,,,,,,,,,,,,,,,,,,,
8.71,-0.493803583,0.986512898,,,,,,,,,,,,,,,,,,,,,,,,,,
8.72,-0.492653849,0.986237592,,,,,,,,,,,,,,,,,,,,,,,,,,
8.73,-0.491525282,0.985976047,,,,,,,,,,,,,,,,,,,,,,,,,,
8.74,-0.490421674,0.985731114,,,,,,,,,,,,,,,,,,,,,,,,,,
8.75,-0.489351722,0.98551058,,,,,,,,,,,,,,,,,,,,,,,,,,
8.76,-0.488295581,0.98530062,,,,,,,,,,,,,,,,,,,,,,,,,,
8.77,-0.48726883,0.985114418,,,,,,,,,,,,,,,,,,,,,,,,,,
8.78,-0.486264611,0.984947915,,,,,,,,,,,,,,,,,,,,,,,,,,
8.79,-0.485275322,0.984795237,,,,,,,,,,,,,,,,,,,,,,,,,,
8.8,-0.484307879,0.984664191,,,,,,,,,,,,,,,,,,,,,,,,,,
8.81,-0.483357962,0.984552008,,,,,,,,,,,,,,,,,,,,,,,,,,
8.82,-0.482424774,0.984459388,,,,,,,,,,,,,,,,,,,,,,,,,,
8.83,-0.481505195,0.984384028,,,,,,,,,,,,,,,,,,,,,,,,,,
8.84,-0.480599686,0.984328213,,,,,,,,,,,,,,,,,,,,,,,,,,
8.85,-0.479706371,0.984291133,,,,,,,,,,,,,,,,,,,,,,,,,,
8.86,-0.478823843,0.984272553,,,,,,,,,,,,,,,,,,,,,,,,,,
8.87,-0.47795088,0.984272477,,,,,,,,,,,,,,,,,,,,,,,,,,
8.88,-0.477088591,0.984297843,,,,,,,,,,,,,,,,,,,,,,,,,,
8.89,-0.476232838,0.984340457,,,,,,,,,,,,,,,,,,,,,,,,,,
8.9,-0.475377085,0.984383071,,,,,,,,,,,,,,,,,,,,,,,,,,
8.91,-0.474530552,0.984459327,,,,,,,,,,,,,,,,,,,,,,,,,,
8.92,-0.473687012,0.98455306,,,,,,,,,,,,,,,,,,,,,,,,,,
8.93,-0.472845383,0.98466412,,,,,,,,,,,,,,,,,,,,,,,,,,
8.94,-0.472004607,0.984795454,,,,,,,,,,,,,,,,,,,,,,,,,,
8.95,-0.47116315,0.984944939,,,,,,,,,,,,,,,,,,,,,,,,,,
8.96,-0.470319642,0.9851137,,,,,,,,,,,,,,,,,,,,,,,,,,
8.97,-0.469472626,0.985301313,,,,,,,,,,,,,,,,,,,,,,,,,,
8.98,-0.468620949,0.985506558,,,,,,,,,,,,,,,,,,,,,,,,,,
8.99,-0.467763136,0.985729993,,,,,,,,,,,,,,,,,,,,,,,,,,
9,-0.466897507,0.985972257,,,,,,,,,,,,,,,,,,,,,,,,,,
9.01,-0.466022284,0.986233578,,,,,,,,,,,,,,,,,,,,,,,,,,
9.02,-0.465134604,0.986515015,,,,,,,,,,,,,,,,,,,,,,,,,,
9.03,-0.464232646,0.986816821,,,,,,,,,,,,,,,,,,,,,,,,,,
9.04,-0.463327734,0.987122201,,,,,,,,,,,,,,,,,,,,,,,,,,
9.05,-0.462400891,0.987453585,,,,,,,,,,,,,,,,,,,,,,,,,,
9.06,-0.461455942,0.987803263,,,,,,,,,,,,,,,,,,,,,,,,,,
9.07,-0.460487774,0.988173035,,,,,,,,,,,,,,,,,,,,,,,,,,
9.08,-0.459509832,0.988550603,,,,,,,,,,,,,,,,,,,,,,,,,,
9.09,-0.458502884,0.988949749,,,,,,,,,,,,,,,,,,,,,,,,,,
9.1,-0.45747174,0.989364205,,,,,,,,,,,,,,,,,,,,,,,,,,
9.11,-0.456413232,0.989794725,,,,,,,,,,,,,,,,,,,,,,,,,,
9.12,-0.455325234,0.99024039,,,,,,,,,,,,,,,,,,,,,,,,,,
9.13,-0.454207924,0.990698854,,,,,,,,,,,,,,,,,,,,,,,,,,
9.14,-0.453054204,0.991172537,,,,,,,,,,,,,,,,,,,,,,,,,,
9.15,-0.451869764,0.99165634,,,,,,,,,,,,,,,,,,,,,,,,,,
9.16,-0.450640425,0.992154571,,,,,,,,,,,,,,,,,,,,,,,,,,
9.17,-0.449373749,0.992662124,,,,,,,,,,,,,,,,,,,,,,,,,,
9.18,-0.448067076,0.993178312,,,,,,,,,,,,,,,,,,,,,,,,,,
9.19,-0.446708786,0.993704264,,,,,,,,,,,,,,,,,,,,,,,,,,
9.2,-0.445293149,0.994237109,,,,,,,,,,,,,,,,,,,,,,,,,,
9.21,-0.443833703,0.994773982,,,,,,,,,,,,,,,,,,,,,,,,,,
9.22,-0.442327317,0.995314586,,,,,,,,,,,,,,,,,,,,,,,,,,
9.23,-0.440753982,0.995856176,,,,,,,,,,,,,,,,,,,,,,,,,,
9.24,-0.439111176,0.99639812,,,,,,,,,,,,,,,,,,,,,,,,,,
9.25,-0.437402669,0.996936289,,,,,,,,,,,,,,,,,,,,,,,,,,
9.26,-0.4356282,0.997469016,,,,,,,,,,,,,,,,,,,,,,,,,,
9.27,-0.433774155,0.997992712,,,,,,,,,,,,,,,,,,,,,,,,,,
9.28,-0.431841306,0.998504454,,,,,,,,,,,,,,,,,,,,,,,,,,
9.29,-0.429814295,0.998998615,,,,,,,,,,,,,,,,,,,,,,,,,,
9.3,-0.427682125,0.999469533,,,,,,,,,,,,,,,,,,,,,,,,,,
9.31,-0.425510184,0.999929861,,,,,,,,,,,,,,,,,,,,,,,,,,
9.32,-0.42320156,1.000353765,,,,,,,,,,,,,,,,,,,,,,,,,,
9.33,-0.420784539,1.000743434,,,,,,,,,,,,,,,,,,,,,,,,,,
9.34,-0.418254449,1.00109357,,,,,,,,,,,,,,,,,,,,,,,,,,
9.35,-0.415571002,1.001384102,,,,,,,,,,,,,,,,,,,,,,,,,,
9.36,-0.4128305,1.001649962,,,,,,,,,,,,,,,,,,,,,,,,,,
9.37,-0.409916409,1.001840781,,,,,,,,,,,,,,,,,,,,,,,,,,
9.38,-0.406850666,1.001960749,,,,,,,,,,,,,,,,,,,,,,,,,,
9.39,-0.403638819,1.002004481,,,,,,,,,,,,,,,,,,,,,,,,,,
9.4,-0.400244833,1.001947875,,,,,,,,,,,,,,,,,,,,,,,,,,
9.41,-0.396727943,1.001821192,,,,,,,,,,,,,,,,,,,,,,,,,,
9.42,-0.393003852,1.001568632,,,,,,,,,,,,,,,,,,,,,,,,,,
9.43,-0.389079288,1.00119031,,,,,,,,,,,,,,,,,,,,,,,,,,
9.44,-0.384955871,1.000676022,,,,,,,,,,,,,,,,,,,,,,,,,,
9.45,-0.380622936,1.000011627,,,,,,,,,,,,,,,,,,,,,,,,,,
9.46,-0.376042808,0.999169394,,,,,,,,,,,,,,,,,,,,,,,,,,
9.47,-0.371237097,0.9981472,,,,,,,,,,,,,,,,,,,,,,,,,,
9.48,-0.366164791,0.99691231,,,,,,,,,,,,,,,,,,,,,,,,,,
9.49,-0.360802589,0.995436289,,,,,,,,,,,,,,,,,,,,,,,,,,
9.5,-0.355158259,0.993710733,,,,,,,,,,,,,,,,,,,,,,,,,,
9.51,-0.349202899,0.991701218,,,,,,,,,,,,,,,,,,,,,,,,,,
9.52,-0.342947037,0.989404869,,,,,,,,,,,,,,,,,,,,,,,,,,
9.53,-0.336314061,0.986744953,,,,,,,,,,,,,,,,,,,,,,,,,,
9.54,-0.332863873,0.985277837,,,,,,,,,,,,,,,,,,,,,,,,,,
9.55,-0.332863873,0.985277837,,,,,,,,,,,,,,,,,,,,,,,,,,
9.56,-0.332863873,0.985277837,,,,,,,,,,,,,,,,,,,,,,,,,,
9.57,-0.332863873,0.985277837,,,,,,,,,,,,,,,,,,,,,,,,,,
9.58,-0.332863873,0.985277837,,,,,,,,,,,,,,,,,,,,,,,,,,
9.59,-0.332863873,0.985277837,,,,,,,,,,,,,,,,,,,,,,,,,,
9.6,-0.332863873,0.985277837,,,,,,,,,,,,,,,,,,,,,,,,,,
9.61,-0.332863873,0.985277837,,,,,,,,,,,,,,,,,,,,,,,,,,
9.62,-0.332863873,0.985277837,,,,,,,,,,,,,,,,,,,,,,,,,,
9.63,-0.332863873,0.985277837,,,,,,,,,,,,,,,,,,,,,,,,,,
9.64,-0.332863873,0.985277837,,,,,,,,,,,,,,,,,,,,,,,,,,
9.65,-0.332863873,0.985277837,,,,,,,,,,,,,,,,,,,,,,,,,,
9.66,-0.332863873,0.985277837,,,,,,,,,,,,,,,,,,,,,,,,,,
9.67,-0.332863873,0.985277837,,,,,,,,,,,,,,,,,,,,,,,,,,
9.68,-0.332863873,0.985277837,,,,,,,,,,,,,,,,,,,,,,,,,,
9.69,-0.332863873,0.985277837,,,,,,,,,,,,,,,,,,,,,,,,,,
9.7,-0.332863873,0.985277837,,,,,,,,,,,,,,,,,,,,,,,,,,
9.71,-0.332863873,0.985277837,,,,,,,,,,,,,,,,,,,,,,,,,,
9.72,-0.332863873,0.985277837,,,,,,,,,,,,,,,,,,,,,,,,,,
9.73,-0.332863873,0.985277837,,,,,,,,,,,,,,,,,,,,,,,,,,
9.74,-0.332863873,0.985277837,,,,,,,,,,,,,,,,,,,,,,,,,,
9.75,-0.332863873,0.985277837,,,,,,,,,,,,,,,,,,,,,,,,,,
9.76,-0.332863873,0.985277837,,,,,,,,,,,,,,,,,,,,,,,,,,
9.77,-0.332863873,0.985277837,,,,,,,,,,,,,,,,,,,,,,,,,,
9.78,-0.332863873,0.985277837,,,,,,,,,,,,,,,,,,,,,,,,,,
9.79,-0.332863873,0.985277837,,,,,,,,,,,,,,,,,,,,,,,,,,
9.8,-0.332863873,0.985277837,,,,,,,,,,,,,,,,,,,,,,,,,,
9.81,-0.332863873,0.985277837,,,,,,,,,,,,,,,,,,,,,,,,,,
9.82,-0.332863873,0.985277837,,,,,,,,,,,,,,,,,,,,,,,,,,
9.83,-0.332863873,0.985277837,,,,,,,,,,,,,,,,,,,,,,,,,,
9.84,-0.332863873,0.985277837,,,,,,,,,,,,,,,,,,,,,,,,,,
9.85,-0.332863873,0.985277837,,,,,,,,,,,,,,,,,,,,,,,,,,
9.86,-0.332863873,0.985277837,,,,,,,,,,,,,,,,,,,,,,,,,,
9.87,-0.332863873,0.985277837,,,,,,,,,,,,,,,,,,,,,,,,,,
9.88,-0.332863873,0.985277837,,,,,,,,,,,,,,,,,,,,,,,,,,
9.89,-0.332863873,0.985277837,,,,,,,,,,,,,,,,,,,,,,,,,,
9.9,-0.332863873,0.985277837,,,,,,,,,,,,,,,,,,,,,,,,,,
9.91,-0.332863873,0.985277837,,,,,,,,,,,,,,,,,,,,,,,,,,
9.92,-0.332863873,0.985277837,,,,,,,,,,,,,,,,,,,,,,,,,,
9.93,-0.332863873,0.985277837,,,,,,,,,,,,,,,,,,,,,,,,,,
9.94,-0.332863873,0.985277837,,,,,,,,,,,,,,,,,,,,,,,,,,
9.95,-0.332863873,0.985277837,,,,,,,,,,,,,,,,,,,,,,,,,,
9.96,-0.332863873,0.985277837,,,,,,,,,,,,,,,,,,,,,,,,,,
9.97,-0.332863873,0.985277837,,,,,,,,,,,,,,,,,,,,,,,,,,
9.98,-0.332863873,0.985277837,,,,,,,,,,,,,,,,,,,,,,,,,,
9.99,-0.332863873,0.985277837,,,,,,,,,,,,,,,,,,,,,,,,,,
10,-0.332863873,0.985277837,,,,,,,,,,,,,,,,,,,,,,,,,,
